<metadata xml:lang="en"><Esri><CreaDate>20151230</CreaDate><CreaTime>15463400</CreaTime><SyncOnce>FALSE</SyncOnce><SyncDate>20161117</SyncDate><SyncTime>15060000</SyncTime><ModDate>20161117</ModDate><ModTime>15060000</ModTime><DataProperties><lineage><Process Name="FeatureClassToFeatureClass_3" ToolSource="C:\ArcGIS\ArcToolbox\Toolboxes\Conversion Tools.tbx\FeatureClassToFeatureClass" Date="20081119" Time="144813" export="">FeatureClassToFeatureClass "\\Server2\Projects\Cortland County\Cortland County GDB\proposedschema.gdb\ParcelX" "\\Server2\Projects\Cortland County\Cortland County GDB\proposedschema.gdb\Poly" Parcel # "Parcel_Type Parcel_Type true true false 4 Long 0 0 ,First,#,\\Server2\Projects\Cortland County\Cortland County GDB\proposedschema.gdb\ParcelX,Parcel_Type,-1,-1;ParcelID ParcelID true true false 20 Text 0 0 ,First,#,\\Server2\Projects\Cortland County\Cortland County GDB\proposedschema.gdb\ParcelX,ParcelID,-1,-1;Previous_ParcelID Previous_ParcelID true true false 20 Text 0 0 ,First,#,\\Server2\Projects\Cortland County\Cortland County GDB\proposedschema.gdb\ParcelX,Previous_ParcelID,-1,-1;X_Coord X_Coord true true false 4 Long 0 0 ,First,#,\\Server2\Projects\Cortland County\Cortland County GDB\proposedschema.gdb\ParcelX,X_Coord,-1,-1;Y_Coord Y_Coord true true false 4 Long 0 0 ,First,#,\\Server2\Projects\Cortland County\Cortland County GDB\proposedschema.gdb\ParcelX,Y_Coord,-1,-1;SWIS SWIS true true false 6 Text 0 0 ,First,#,\\Server2\Projects\Cortland County\Cortland County GDB\proposedschema.gdb\ParcelX,SWIS,-1,-1;Section_Number Section_Number true true false 3 Text 0 0 ,First,#,\\Server2\Projects\Cortland County\Cortland County GDB\proposedschema.gdb\ParcelX,Section_Number,-1,-1;SubSection SubSection true true false 3 Text 0 0 ,First,#,\\Server2\Projects\Cortland County\Cortland County GDB\proposedschema.gdb\ParcelX,SubSection,-1,-1;Block Block true true false 4 Text 0 0 ,First,#,\\Server2\Projects\Cortland County\Cortland County GDB\proposedschema.gdb\ParcelX,Block,-1,-1;Lot Lot true true false 3 Text 0 0 ,First,#,\\Server2\Projects\Cortland County\Cortland County GDB\proposedschema.gdb\ParcelX,Lot,-1,-1;Sublot Sublot true true false 3 Text 0 0 ,First,#,\\Server2\Projects\Cortland County\Cortland County GDB\proposedschema.gdb\ParcelX,Sublot,-1,-1;Suffix Suffix true true false 4 Text 0 0 ,First,#,\\Server2\Projects\Cortland County\Cortland County GDB\proposedschema.gdb\ParcelX,Suffix,-1,-1;Muni_Name Muni_Name true true false 50 Text 0 0 ,First,#,\\Server2\Projects\Cortland County\Cortland County GDB\proposedschema.gdb\ParcelX,Muni_Name,-1,-1;Muni_Type Muni_Type true true false 30 Text 0 0 ,First,#,\\Server2\Projects\Cortland County\Cortland County GDB\proposedschema.gdb\ParcelX,Muni_Type,-1,-1;Street_Number Street_Number true true false 10 Text 0 0 ,First,#,\\Server2\Projects\Cortland County\Cortland County GDB\proposedschema.gdb\ParcelX,Street_Number,-1,-1;Street_Name Street_Name true true false 50 Text 0 0 ,First,#,\\Server2\Projects\Cortland County\Cortland County GDB\proposedschema.gdb\ParcelX,Street_Name,-1,-1;Front_Feet Front_Feet true true false 8 Double 0 0 ,First,#,\\Server2\Projects\Cortland County\Cortland County GDB\proposedschema.gdb\ParcelX,Front_Feet,-1,-1;Depth_Feet Depth_Feet true true false 8 Double 0 0 ,First,#,\\Server2\Projects\Cortland County\Cortland County GDB\proposedschema.gdb\ParcelX,Depth_Feet,-1,-1;Deed_Acres Deed_Acres true true false 8 Double 0 0 ,First,#,\\Server2\Projects\Cortland County\Cortland County GDB\proposedschema.gdb\ParcelX,Deed_Acres,-1,-1;GIS_Acres GIS_Acres true true false 8 Double 0 0 ,First,#,\\Server2\Projects\Cortland County\Cortland County GDB\proposedschema.gdb\ParcelX,GIS_Acres,-1,-1;SHAPE_Length SHAPE_Length false true true 8 Double 0 0 ,First,#,\\Server2\Projects\Cortland County\Cortland County GDB\proposedschema.gdb\ParcelX,SHAPE_Length,-1,-1;SHAPE_Area SHAPE_Area false true true 8 Double 0 0 ,First,#,\\Server2\Projects\Cortland County\Cortland County GDB\proposedschema.gdb\ParcelX,SHAPE_Area,-1,-1" # "\\Server2\Projects\Cortland County\Cortland County GDB\proposedschema.gdb\Poly\Parcel"</Process><Process ToolSource="C:\ArcGIS\Desktop10.0\ArcToolbox\Toolboxes\Data Management Tools.tbx\CalculateField" Date="20110130" Time="143906" Name="" export="">CalculateField Parcel POID Null VB #</Process><Process ToolSource="C:\ArcGIS\Desktop10.0\ArcToolbox\Toolboxes\Data Management Tools.tbx\CalculateField" Date="20110130" Time="143941" Name="" export="">CalculateField Parcel POID !OBJECTID! PYTHON_9.3 #</Process><Process ToolSource="C:\z\ArcGIS\Desktop10.0\ArcToolbox\Toolboxes\Data Management Tools.tbx\CalculateField" Date="20110401" Time="153057" Name="" export="">CalculateField Parcel ParcelID [PIN] VB #</Process><Process ToolSource="C:\z\ArcGIS\Desktop10.0\ArcToolbox\Toolboxes\Data Management Tools.tbx\CalculateField" Date="20110404" Time="105428" Name="" export="">CalculateField Parcel Block Block( !ParcelID! ) PYTHON_9.3 "def Block(ParcelID):\n  if len(ParcelID) == 20 :\n    return ParcelID[6:10]\n  else:\n    return None"</Process><Process ToolSource="C:\z\ArcGIS\Desktop10.0\ArcToolbox\Toolboxes\Data Management Tools.tbx\CalculateField" Date="20110404" Time="110559" Name="" export="">CalculateField Parcel Lot Lot_( !ParcelID!) PYTHON_9.3 "def Lot_(ParcelID):\n  if ParcelID != None and  len(ParcelID.strip()) == 20 :\n    return ParcelID[10:13]\n  else:\n    return None"</Process><Process ToolSource="C:\z\ArcGIS\Desktop10.0\ArcToolbox\Toolboxes\Data Management Tools.tbx\CalculateField" Date="20110404" Time="111419" Name="" export="">CalculateField Parcel Sublot Foo( !ParcelID! ) PYTHON_9.3 "def Foo(ParcelID):\n  if ParcelID != None and len(ParcelID.strip()) == 20 :\n    return ParcelID[13:16]\n  else:\n    return None "</Process><Process ToolSource="C:\z\ArcGIS\Desktop10.0\ArcToolbox\Toolboxes\Data Management Tools.tbx\CalculateField" Date="20110404" Time="111916" Name="" export="">CalculateField Parcel Suffix Suffix( !ParcelID! ) PYTHON_9.3 "def Suffix(ParcelID):\n  if ParcelID != None and len(ParcelID.strip()) == 20 :\n    return ParcelID.strip()[16:]\n  else:\n    return None "</Process><Process ToolSource="C:\z\ArcGIS\Desktop10.0\ArcToolbox\Toolboxes\Data Management Tools.tbx\CalculateField" Date="20110405" Time="103725" Name="" export="">CalculateField Parcel POID [OBJECTID] VB #</Process><Process ToolSource="C:\ArcGIS\Desktop10.0\ArcToolbox\Toolboxes\Data Management Tools.tbx\CalculateField" Date="20110406" Time="205402" Name="" export="">CalculateField Parcel Name Null VB #</Process><Process ToolSource="C:\z\ArcGIS\Desktop10.0\ArcToolbox\Toolboxes\Data Management Tools.tbx\CalculateField" Date="20110509" Time="142146" Name="" export="">CalculateField Parcel up 1 VB #</Process><Process ToolSource="C:\z\ArcGIS\Desktop10.0\ArcToolbox\Toolboxes\Data Management Tools.tbx\CalculateField" Date="20110509" Time="142254" Name="" export="">CalculateField Parcel Section_ Section( !ParcelID!) PYTHON_9.3 "def Section(ParcelID):\n  if ParcelID != None and len(ParcelID.strip()) == 20 :\n    return ParcelID[:3]\n  else:\n    return None"</Process><Process ToolSource="C:\z\ArcGIS\Desktop10.0\ArcToolbox\Toolboxes\Data Management Tools.tbx\CalculateField" Date="20110509" Time="142310" Name="" export="">CalculateField Parcel SubSection SubSection( !ParcelID!) PYTHON_9.3 "def SubSection(ParcelID):\n  if ParcelID != None and len(ParcelID.strip()) == 20 :\n    return ParcelID[3:6]\n  else:\n    return None"</Process><Process ToolSource="C:\z\ArcGIS\Desktop10.0\ArcToolbox\Toolboxes\Data Management Tools.tbx\CalculateField" Date="20110509" Time="142327" Name="" export="">CalculateField Parcel Block Block( !ParcelID!) PYTHON_9.3 "def Block(ParcelID):\n  if ParcelID != None and len(ParcelID.strip()) == 20 :\n    return ParcelID[6:10]\n  else:\n    return None"</Process><Process ToolSource="C:\z\ArcGIS\Desktop10.0\ArcToolbox\Toolboxes\Data Management Tools.tbx\CalculateField" Date="20110509" Time="142342" Name="" export="">CalculateField Parcel Lot Lot_( !ParcelID!) PYTHON_9.3 "def Lot_(ParcelID):\n  if ParcelID != None and len(ParcelID.strip()) == 20 :\n    return ParcelID[10:13]\n  else:\n    return None "</Process><Process ToolSource="C:\z\ArcGIS\Desktop10.0\ArcToolbox\Toolboxes\Data Management Tools.tbx\CalculateField" Date="20110509" Time="142406" Name="" export="">CalculateField Parcel Sublot Foo( !ParcelID!) PYTHON_9.3 "def Foo(ParcelID):\n  if ParcelID != None and len(ParcelID.strip()) == 20 :\n    return ParcelID[13:16]\n  else:\n    return None "</Process><Process ToolSource="C:\z\ArcGIS\Desktop10.0\ArcToolbox\Toolboxes\Data Management Tools.tbx\CalculateField" Date="20110509" Time="142431" Name="" export="">CalculateField Parcel Suffix Suffix( !ParcelID!) PYTHON_9.3 "def Suffix(ParcelID):\n  if ParcelID != None and len(ParcelID.strip()) == 20 :\n    return ParcelID.strip()[16:]\n  else:\n    return None "</Process><Process ToolSource="C:\z\ArcGIS\Desktop10.0\ArcToolbox\Toolboxes\Data Management Tools.tbx\CalculateField" Date="20110815" Time="103150" Name="" export="">CalculateField Parcel SWIndex "!SWIS! + !Section_![:2] +"." + !SubSection!" PYTHON_9.3 #</Process><Process ToolSource="C:\z\ArcGIS\Desktop10.0\ArcToolbox\Toolboxes\Data Management Tools.tbx\CalculateField" Date="20110815" Time="103744" Name="" export="">CalculateField Parcel SWIndex "!SWIS! + !Section_![:2] +"." + !SubSection!" PYTHON_9.3 "def CalcSWIndex(swis, section, subsection):\n    if subsection[0] == '0':\n        return swis + section[:2] +"." + subsection[1:]\n "</Process><Process ToolSource="C:\z\ArcGIS\Desktop10.0\ArcToolbox\Toolboxes\Data Management Tools.tbx\CalculateField" Date="20110815" Time="110410" Name="" export="">CalculateField Parcel SWIndex CalcSWIndex( !SWIS! , !Section_! , !SubSection! ) PYTHON_9.3 "def CalcSWIndex(swis, section, subsection):\n    if subsection[0] == '0':\n        return swis + section[:2] +"." + subsection[1:]\n    else:\n        return swis + section[:2] +"." + subsection"</Process><Process ToolSource="C:\z\ArcGIS\Desktop10.0\ArcToolbox\Toolboxes\Data Management Tools.tbx\CalculateField" Date="20110815" Time="112009" Name="" export="">CalculateField Parcel_Mask SWIndex CalcSWIndex( !SWIS!, !Section_!, !SubSection!) PYTHON_9.3 "# Calculate SWIndex for Parcel layer\ndef CalcSWIndex(swis, section, subsection):\n    if subsection[0] == '0':\n        return swis + section[1:] +"." + subsection[1:]\n    else:\n        return swis + section[1:] +"." + subsection"</Process><Process ToolSource="C:\z\ArcGIS\Desktop10.0\ArcToolbox\Toolboxes\Data Management Tools.tbx\CalculateField" Date="20110825" Time="114937" Name="" export="">CalculateField Parcel_Mask SWIndex CalcSWIndex( !SWIS!, !Section_!, !SubSection!) PYTHON_9.3 "# Calculate SWIndex for Parcel layer\nimport re\ndef CalcSWIndex(swis, section, subsection):\n    if subsection[0] == '0':\n	noZeroSection = re.sub('^0+',"",section)\n        return swis + noZeroSection +"." + subsection[1:]\n    else:\n        return swis + noZeroSection+"." + subsection"</Process><Process ToolSource="C:\z\ArcGIS\Desktop10.0\ArcToolbox\Toolboxes\Data Management Tools.tbx\CalculateField" Date="20120207" Time="112337" Name="" export="">CalculateField Parcel Owner_Maint_Date CDate("2/6/2012 4:10:53 PM") VB #</Process><Process ToolSource="C:\z\ArcGIS\Desktop10.0\ArcToolbox\Toolboxes\Data Management Tools.tbx\CalculateField" Date="20120207" Time="112342" Name="" export="">CalculateField Parcel Spatial_Maint_Date CDate("2/6/2012 4:10:53 PM") VB #</Process><Process ToolSource="C:\z\ArcGIS\Desktop10.0\ArcToolbox\Toolboxes\Data Management Tools.tbx\CalculateField" Date="20120326" Time="153250" Name="" export="">CalculateField Parcel Print_Key PrintKey_Not_RAM( !Section_! , !SubSection! , !Block! , !Lot! , !Sublot! , !Suffix! ) PYTHON_9.3 "#Non-Ramapo PrintKey Calc\ndef PrintKey_Not_RAM(sec, ssec, block, lot, slot, suffix):\n    import re\n    nsec = re.sub("^0+","",sec)\n    nssec = ssec[1:]\n    nblock = re.sub("^0+","",block)\n    nlot = re.sub("^0+","",lot)\n    nslot = re.sub("^0+","",slot)\n    nsuffix= re.sub("^0+","",suffix)\n \n    if not nsuffix:\n            if not nslot:\n                return nsec + '.' + nssec + '-' + nblock + '-' + nlot \n            else:\n                return nsec + '.' + nssec + '-' + nblock + '-' + nlot  + '.' + nslot \n    else:\n        return nsec + '.' + nssec + '-' + nblock + '-' + nlot  + '.' + nslot + '/' + nsuffix"</Process><Process ToolSource="C:\Program Files\ArcGIS\Desktop10.0\ArcToolbox\Toolboxes\Data Management Tools.tbx\CalculateField" Date="20120328" Time="103546" Name="" export="">CalculateField Parcel Spatial_Maint_Date CDATE(NOW()) VB #</Process><Process ToolSource="C:\z\ArcGIS\Desktop10.0\ArcToolbox\Toolboxes\Data Management Tools.tbx\CalculateField" Date="20120508" Time="105656" Name="" export="">CalculateField Parcel Print_Key PrintKey_Not_RAM( !Section_! , !SubSection! , !Block! , !Lot! , !Sublot! , !Suffix! ) PYTHON_9.3 "def PrintKey_Not_RAM(sec, ssec, block, lot, slot, suffix):\n    import re\n    nsec = re.sub("^0+","",sec)\n    nssec = ssec[1:]\n    nblock = re.sub("^0+","",block)\n    nlot = re.sub("^0+","",lot)\n    nslot = re.sub("^0+","",slot)\n    nsuffix= re.sub("^0+","",suffix)\n \n    if not nsuffix:\n            if not nslot:\n                return nsec + '.' + nssec + '-' + nblock + '-' + nlot \n            else:\n                return nsec + '.' + nssec + '-' + nblock + '-' + nlot  + '.' + nslot \n    else:\n        return nsec + '.' + nssec + '-' + nblock + '-' + nlot  + '.' + nslot + '/' + nsuffix"</Process><Process ToolSource="C:\Program Files\ArcGIS\Desktop10.0\ArcToolbox\Toolboxes\Data Management Tools.tbx\CalculateField" Date="20120801" Time="145352" Name="" export="">CalculateField Parcel Owner_Maint_Date #1/31/2012# VB #</Process><Process ToolSource="c:\program files\arcgis\desktop10.1\ArcToolbox\Toolboxes\Data Management Tools.tbx\CalculateField" Date="20121017" Time="093205" Name="" export="">CalculateField Parcel Print_Key PrintKey_Not_RAM( !Section_! , !SubSection! , !Block! , !Lot! , !Sublot! , !Suffix! ) PYTHON_9.3 "#Non-Ramapo PrintKey Calc\ndef PrintKey_Not_RAM(sec, ssec, block, lot, slot, suffix):\n    import re\n    nsec = re.sub("^0+","",sec)\n    nssec = ssec[1:]\n    nblock = re.sub("^0+","",block)\n    nlot = re.sub("^0+","",lot)\n    nslot = re.sub("^0+","",slot)\n    nsuffix= re.sub("^0+","",suffix)\n \n    if not nsuffix:\n            if not nslot:\n                return nsec + '.' + nssec + '-' + nblock + '-' + nlot \n            else:\n                return nsec + '.' + nssec + '-' + nblock + '-' + nlot  + '.' + nslot \n    else:\n        return nsec + '.' + nssec + '-' + nblock + '-' + nlot  + '.' + nslot + '/' + nsuffix"</Process><Process ToolSource="c:\program files\arcgis\desktop10.1\ArcToolbox\Toolboxes\Data Management Tools.tbx\CalculateField" Date="20121107" Time="103114" Name="" export="">CalculateField Parcel Print_Key PrintKey_Not_RAM( !Section_! , !SubSection! , !Block! , !Lot! , !Sublot! , !Suffix! ) PYTHON_9.3 "#Non-Ramapo PrintKey Calc\ndef PrintKey_Not_RAM(sec, ssec, block, lot, slot, suffix):\n    import re\n    nsec = re.sub("^0+","",sec)\n    nssec = ssec[1:]\n    nblock = re.sub("^0+","",block)\n    nlot = re.sub("^0+","",lot)\n    nslot = re.sub("^0+","",slot)\n    nsuffix= re.sub("^0+","",suffix)\n \n    if not nsuffix:\n            if not nslot:\n                return nsec + '.' + nssec + '-' + nblock + '-' + nlot \n            else:\n                return nsec + '.' + nssec + '-' + nblock + '-' + nlot  + '.' + nslot \n    else:\n        return nsec + '.' + nssec + '-' + nblock + '-' + nlot  + '.' + nslot + '/' + nsuffix"</Process><Process ToolSource="c:\program files\arcgis\desktop10.1\ArcToolbox\Toolboxes\Data Management Tools.tbx\CalculateField" Date="20121210" Time="104028" Name="" export="">CalculateField Parcel Print_Key PrintKey_Not_RAM( !Section_! , !SubSection! , !Block! , !Lot! , !Sublot! , !Suffix! ) PYTHON_9.3 "#Non-Ramapo PrintKey Calc\ndef PrintKey_Not_RAM(sec, ssec, block, lot, slot, suffix):\n    import re\n    nsec = re.sub("^0+","",sec)\n    nssec = ssec[1:]\n    nblock = re.sub("^0+","",block)\n    nlot = re.sub("^0+","",lot)\n    nslot = re.sub("^0+","",slot)\n    nsuffix= re.sub("^0+","",suffix)\n \n    if not nsuffix:\n            if not nslot:\n                return nsec + '.' + nssec + '-' + nblock + '-' + nlot \n            else:\n                return nsec + '.' + nssec + '-' + nblock + '-' + nlot  + '.' + nslot \n    else:\n        return nsec + '.' + nssec + '-' + nblock + '-' + nlot  + '.' + nslot + '/' + nsuffix"</Process><Process ToolSource="c:\program files\arcgis\desktop10.1\ArcToolbox\Toolboxes\Data Management Tools.tbx\CalculateField" Date="20130109" Time="065332" Name="" export="">CalculateField Parcel Print_Key PrintKey_Not_RAM( !Section_! , !SubSection! , !Block! , !Lot! , !Sublot! , !Suffix! ) PYTHON_9.3 "def PrintKey_Not_RAM(sec, ssec, block, lot, slot, suffix):\n    import re\n    nsec = re.sub("^0+","",sec)\n    nssec = ssec[1:]\n    nblock = re.sub("^0+","",block)\n    nlot = re.sub("^0+","",lot)\n    nslot = re.sub("^0+","",slot)\n    nsuffix= re.sub("^0+","",suffix)\n \n    if not nsuffix:\n            if not nslot:\n                return nsec + '.' + nssec + '-' + nblock + '-' + nlot \n            else:\n                return nsec + '.' + nssec + '-' + nblock + '-' + nlot  + '.' + nslot \n    else:\n        return nsec + '.' + nssec + '-' + nblock + '-' + nlot  + '.' + nslot + '/' + nsuffix"</Process><Process ToolSource="c:\program files\arcgis\desktop10.1\ArcToolbox\Toolboxes\Data Management Tools.tbx\CalculateField" Date="20130207" Time="093443" Name="" export="">CalculateField Parcel Print_Key PrintKey_Not_RAM( !Section_! , !SubSection! , !Block! , !Lot! , !Sublot! , !Suffix! ) PYTHON_9.3 "def PrintKey_Not_RAM(sec, ssec, block, lot, slot, suffix):\n    import re\n    nsec = re.sub("^0+","",sec)\n    nssec = ssec[1:]\n    nblock = re.sub("^0+","",block)\n    nlot = re.sub("^0+","",lot)\n    nslot = re.sub("^0+","",slot)\n    nsuffix= re.sub("^0+","",suffix)\n \n    if not nsuffix:\n            if not nslot:\n                return nsec + '.' + nssec + '-' + nblock + '-' + nlot \n            else:\n                return nsec + '.' + nssec + '-' + nblock + '-' + nlot  + '.' + nslot \n    else:\n        return nsec + '.' + nssec + '-' + nblock + '-' + nlot  + '.' + nslot + '/' + nsuffix"</Process><Process ToolSource="c:\program files\arcgis\desktop10.1\ArcToolbox\Toolboxes\Data Management Tools.tbx\CalculateField" Date="20130311" Time="063246" Name="" export="">CalculateField Parcel Print_Key PrintKey_Not_RAM( !Section_! , !SubSection! , !Block! , !Lot! , !Sublot! , !Suffix! ) PYTHON_9.3 "def PrintKey_Not_RAM(sec, ssec, block, lot, slot, suffix):\n    import re\n    nsec = re.sub("^0+","",sec)\n    nssec = ssec[1:]\n    nblock = re.sub("^0+","",block)\n    nlot = re.sub("^0+","",lot)\n    nslot = re.sub("^0+","",slot)\n    nsuffix= re.sub("^0+","",suffix)\n \n    if not nsuffix:\n            if not nslot:\n                return nsec + '.' + nssec + '-' + nblock + '-' + nlot \n            else:\n                return nsec + '.' + nssec + '-' + nblock + '-' + nlot  + '.' + nslot \n    else:\n        return nsec + '.' + nssec + '-' + nblock + '-' + nlot  + '.' + nslot + '/' + nsuffix\n"</Process><Process ToolSource="c:\program files\arcgis\desktop10.1\ArcToolbox\Toolboxes\Data Management Tools.tbx\CalculateField" Date="20130416" Time="104803" Name="" export="">CalculateField Parcel Print_Key PrintKey_Not_RAM( !Section_! , !SubSection! , !Block! , !Lot! , !Sublot! , !Suffix! ) PYTHON_9.3 "def PrintKey_Not_RAM(sec, ssec, block, lot, slot, suffix):\n    import re\n    nsec = re.sub("^0+","",sec)\n    nssec = ssec[1:]\n    nblock = re.sub("^0+","",block)\n    nlot = re.sub("^0+","",lot)\n    nslot = re.sub("^0+","",slot)\n    nsuffix= re.sub("^0+","",suffix)\n \n    if not nsuffix:\n            if not nslot:\n                return nsec + '.' + nssec + '-' + nblock + '-' + nlot \n            else:\n                return nsec + '.' + nssec + '-' + nblock + '-' + nlot  + '.' + nslot \n    else:\n        return nsec + '.' + nssec + '-' + nblock + '-' + nlot  + '.' + nslot + '/' + nsuffix"</Process><Process ToolSource="c:\program files\arcgis\desktop10.1\ArcToolbox\Toolboxes\Data Management Tools.tbx\CalculateField" Date="20130429" Time="131800" Name="" export="">CalculateField Parcel GIS_Acres [GIS_Acres] VB #</Process><Process ToolSource="c:\program files\arcgis\desktop10.1\ArcToolbox\Toolboxes\Data Management Tools.tbx\CalculateField" Date="20130429" Time="131859" Name="" export="">CalculateField Parcel Print_Key [Print_Key] VB #</Process><Process ToolSource="c:\program files\arcgis\desktop10.1\ArcToolbox\Toolboxes\Data Management Tools.tbx\CalculateField" Date="20130429" Time="132052" Name="" export="">CalculateField Parcel GIS_Acres [GIS_Acres] VB #</Process><Process ToolSource="c:\program files\arcgis\desktop10.1\ArcToolbox\Toolboxes\Data Management Tools.tbx\CalculateField" Date="20130429" Time="144034" Name="" export="">CalculateField Parcel GIS_Acres [GIS_Acres] VB #</Process><Process ToolSource="c:\program files\arcgis\desktop10.1\ArcToolbox\Toolboxes\Data Management Tools.tbx\CalculateField" Date="20130429" Time="144111" Name="" export="">CalculateField Parcel GIS_Acres [GIS_Acres] VB #</Process><Process ToolSource="c:\program files\arcgis\desktop10.1\ArcToolbox\Toolboxes\Data Management Tools.tbx\CalculateField" Date="20130429" Time="145734" Name="" export="">CalculateField Parcel GIS_Acres [GIS_Acres] VB #</Process><Process ToolSource="c:\program files\arcgis\desktop10.1\ArcToolbox\Toolboxes\Data Management Tools.tbx\CalculateField" Date="20130429" Time="145820" Name="" export="">CalculateField Parcel GIS_Acres [GIS_Acres] VB #</Process><Process ToolSource="c:\program files\arcgis\desktop10.1\ArcToolbox\Toolboxes\Data Management Tools.tbx\CalculateField" Date="20130430" Time="092531" Name="" export="">CalculateField Parcel GIS_Acres [GIS_Acres] VB #</Process><Process ToolSource="c:\program files\arcgis\desktop10.1\ArcToolbox\Toolboxes\Data Management Tools.tbx\CalculateField" Date="20130430" Time="092914" Name="" export="">CalculateField Parcel GIS_Acres [GIS_Acres] VB #</Process><Process ToolSource="c:\program files\arcgis\desktop10.1\ArcToolbox\Toolboxes\Data Management Tools.tbx\CalculateField" Date="20131010" Time="055937" Name="" export="">CalculateField Parcel Print_Key PrintKey_Not_RAM( !Section_! , !SubSection! , !Block! , !Lot! , !Sublot! , !Suffix! ) PYTHON_9.3 "def PrintKey_Not_RAM(sec, ssec, block, lot, slot, suffix):\n    import re\n    nsec = re.sub("^0+","",sec)\n    nssec = ssec[1:]\n    nblock = re.sub("^0+","",block)\n    nlot = re.sub("^0+","",lot)\n    nslot = re.sub("^0+","",slot)\n    nsuffix= re.sub("^0+","",suffix)\n \n    if not nsuffix:\n            if not nslot:\n                return nsec + '.' + nssec + '-' + nblock + '-' + nlot \n            else:\n                return nsec + '.' + nssec + '-' + nblock + '-' + nlot  + '.' + nslot \n    else:\n        return nsec + '.' + nssec + '-' + nblock + '-' + nlot  + '.' + nslot + '/' + nsuffix"</Process><Process ToolSource="c:\program files\arcgis\desktop10.1\ArcToolbox\Toolboxes\Data Management Tools.tbx\CalculateField" Date="20131017" Time="125638" Name="" export="">CalculateField Parcel Print_Key PrintKey_Not_RAM( !Section_! , !SubSection! , !Block! , !Lot! , !Sublot! , !Suffix! ) PYTHON_9.3 "def PrintKey_Not_RAM(sec, ssec, block, lot, slot, suffix):\n    import re\n    nsec = re.sub("^0+","",sec)\n    nssec = ssec[1:]\n    nblock = re.sub("^0+","",block)\n    nlot = re.sub("^0+","",lot)\n    nslot = re.sub("^0+","",slot)\n    nsuffix= re.sub("^0+","",suffix)\n \n    if not nsuffix:\n            if not nslot:\n                return nsec + '.' + nssec + '-' + nblock + '-' + nlot \n            else:\n                return nsec + '.' + nssec + '-' + nblock + '-' + nlot  + '.' + nslot \n    else:\n        return nsec + '.' + nssec + '-' + nblock + '-' + nlot  + '.' + nslot + '/' + nsuffix"</Process><Process ToolSource="c:\program files\arcgis\desktop10.1\ArcToolbox\Toolboxes\Data Management Tools.tbx\CalculateField" Date="20131029" Time="113553" Name="" export="">CalculateField Parcel Print_Key PrintKey_Not_RAM( !Section_! , !SubSection! , !Block! , !Lot! , !Sublot! , !Suffix! ) PYTHON_9.3 "def PrintKey_Not_RAM(sec, ssec, block, lot, slot, suffix):\n    import re\n    nsec = re.sub("^0+","",sec)\n    nssec = ssec[1:]\n    nblock = re.sub("^0+","",block)\n    nlot = re.sub("^0+","",lot)\n    nslot = re.sub("^0+","",slot)\n    nsuffix= re.sub("^0+","",suffix)\n \n    if not nsuffix:\n            if not nslot:\n                return nsec + '.' + nssec + '-' + nblock + '-' + nlot \n            else:\n                return nsec + '.' + nssec + '-' + nblock + '-' + nlot  + '.' + nslot \n    else:\n        return nsec + '.' + nssec + '-' + nblock + '-' + nlot  + '.' + nslot + '/' + nsuffix"</Process><Process ToolSource="c:\program files\arcgis\desktop10.1\ArcToolbox\Toolboxes\Data Management Tools.tbx\CalculateField" Date="20131114" Time="062747" Name="" export="">CalculateField Parcel Print_Key PrintKey_Not_RAM( !Section_! , !SubSection! , !Block! , !Lot! , !Sublot! , !Suffix! ) PYTHON_9.3 "def PrintKey_Not_RAM(sec, ssec, block, lot, slot, suffix):\n    import re\n    nsec = re.sub("^0+","",sec)\n    nssec = ssec[1:]\n    nblock = re.sub("^0+","",block)\n    nlot = re.sub("^0+","",lot)\n    nslot = re.sub("^0+","",slot)\n    nsuffix= re.sub("^0+","",suffix)\n \n    if not nsuffix:\n            if not nslot:\n                return nsec + '.' + nssec + '-' + nblock + '-' + nlot \n            else:\n                return nsec + '.' + nssec + '-' + nblock + '-' + nlot  + '.' + nslot \n    else:\n        return nsec + '.' + nssec + '-' + nblock + '-' + nlot  + '.' + nslot + '/' + nsuffix"</Process><Process ToolSource="c:\program files\arcgis\desktop10.1\ArcToolbox\Toolboxes\Data Management Tools.tbx\CalculateField" Date="20131202" Time="102719" Name="" export="">CalculateField Parcel Print_Key PrintKey_Not_RAM( !Section_! , !SubSection! , !Block! , !Lot! , !Sublot! , !Suffix! ) PYTHON_9.3 "def PrintKey_Not_RAM(sec, ssec, block, lot, slot, suffix):\n    import re\n    nsec = re.sub("^0+","",sec)\n    nssec = ssec[1:]\n    nblock = re.sub("^0+","",block)\n    nlot = re.sub("^0+","",lot)\n    nslot = re.sub("^0+","",slot)\n    nsuffix= re.sub("^0+","",suffix)\n \n    if not nsuffix:\n            if not nslot:\n                return nsec + '.' + nssec + '-' + nblock + '-' + nlot \n            else:\n                return nsec + '.' + nssec + '-' + nblock + '-' + nlot  + '.' + nslot \n    else:\n        return nsec + '.' + nssec + '-' + nblock + '-' + nlot  + '.' + nslot + '/' + nsuffix"</Process><Process ToolSource="c:\program files\arcgis\desktop10.1\ArcToolbox\Toolboxes\Data Management Tools.tbx\CalculateField" Date="20131216" Time="093024" Name="" export="">CalculateField Parcel Print_Key PrintKey_Not_RAM( !Section_! , !SubSection! , !Block! , !Lot! , !Sublot! , !Suffix! ) PYTHON_9.3 "def PrintKey_Not_RAM(sec, ssec, block, lot, slot, suffix):\n    import re\n    nsec = re.sub("^0+","",sec)\n    nssec = ssec[1:]\n    nblock = re.sub("^0+","",block)\n    nlot = re.sub("^0+","",lot)\n    nslot = re.sub("^0+","",slot)\n    nsuffix= re.sub("^0+","",suffix)\n \n    if not nsuffix:\n            if not nslot:\n                return nsec + '.' + nssec + '-' + nblock + '-' + nlot \n            else:\n                return nsec + '.' + nssec + '-' + nblock + '-' + nlot  + '.' + nslot \n    else:\n        return nsec + '.' + nssec + '-' + nblock + '-' + nlot  + '.' + nslot + '/' + nsuffix"</Process><Process ToolSource="c:\program files\arcgis\desktop10.1\ArcToolbox\Toolboxes\Data Management Tools.tbx\CalculateField" Date="20140113" Time="074102" Name="" export="">CalculateField Parcel Print_Key PrintKey_Not_RAM( !Section_! , !SubSection! , !Block! , !Lot! , !Sublot! , !Suffix! ) PYTHON_9.3 "def PrintKey_Not_RAM(sec, ssec, block, lot, slot, suffix):\n    import re\n    nsec = re.sub("^0+","",sec)\n    nssec = ssec[1:]\n    nblock = re.sub("^0+","",block)\n    nlot = re.sub("^0+","",lot)\n    nslot = re.sub("^0+","",slot)\n    nsuffix= re.sub("^0+","",suffix)\n \n    if not nsuffix:\n            if not nslot:\n                return nsec + '.' + nssec + '-' + nblock + '-' + nlot \n            else:\n                return nsec + '.' + nssec + '-' + nblock + '-' + nlot  + '.' + nslot \n    else:\n        return nsec + '.' + nssec + '-' + nblock + '-' + nlot  + '.' + nslot + '/' + nsuffix"</Process><Process ToolSource="c:\program files\arcgis\desktop10.1\ArcToolbox\Toolboxes\Data Management Tools.tbx\CalculateField" Date="20140120" Time="063907" Name="" export="">CalculateField Parcel Print_Key PrintKey_Not_RAM( !Section_! , !SubSection! , !Block! , !Lot! , !Sublot! , !Suffix! ) PYTHON_9.3 "def PrintKey_Not_RAM(sec, ssec, block, lot, slot, suffix):\n    import re\n    nsec = re.sub("^0+","",sec)\n    nssec = ssec[1:]\n    nblock = re.sub("^0+","",block)\n    nlot = re.sub("^0+","",lot)\n    nslot = re.sub("^0+","",slot)\n    nsuffix= re.sub("^0+","",suffix)\n \n    if not nsuffix:\n            if not nslot:\n                return nsec + '.' + nssec + '-' + nblock + '-' + nlot \n            else:\n                return nsec + '.' + nssec + '-' + nblock + '-' + nlot  + '.' + nslot \n    else:\n        return nsec + '.' + nssec + '-' + nblock + '-' + nlot  + '.' + nslot + '/' + nsuffix"</Process><Process ToolSource="c:\program files\arcgis\desktop10.1\ArcToolbox\Toolboxes\Data Management Tools.tbx\CalculateField" Date="20140203" Time="090658" Name="" export="">CalculateField Parcel Print_Key PrintKey_Not_RAM( !Section_! , !SubSection! , !Block! , !Lot! , !Sublot! , !Suffix! ) PYTHON_9.3 "def PrintKey_Not_RAM(sec, ssec, block, lot, slot, suffix):\n    import re\n    nsec = re.sub("^0+","",sec)\n    nssec = ssec[1:]\n    nblock = re.sub("^0+","",block)\n    nlot = re.sub("^0+","",lot)\n    nslot = re.sub("^0+","",slot)\n    nsuffix= re.sub("^0+","",suffix)\n \n    if not nsuffix:\n            if not nslot:\n                return nsec + '.' + nssec + '-' + nblock + '-' + nlot \n            else:\n                return nsec + '.' + nssec + '-' + nblock + '-' + nlot  + '.' + nslot \n    else:\n        return nsec + '.' + nssec + '-' + nblock + '-' + nlot  + '.' + nslot + '/' + nsuffix"</Process><Process ToolSource="c:\program files\arcgis\desktop10.1\ArcToolbox\Toolboxes\Data Management Tools.tbx\CalculateField" Date="20140227" Time="110435" Name="" export="">CalculateField Parcel Print_Key PrintKey_Not_RAM( !Section_! , !SubSection! , !Block! , !Lot! , !Sublot! , !Suffix! ) PYTHON_9.3 "def PrintKey_Not_RAM(sec, ssec, block, lot, slot, suffix):\n    import re\n    nsec = re.sub("^0+","",sec)\n    nssec = ssec[1:]\n    nblock = re.sub("^0+","",block)\n    nlot = re.sub("^0+","",lot)\n    nslot = re.sub("^0+","",slot)\n    nsuffix= re.sub("^0+","",suffix)\n \n    if not nsuffix:\n            if not nslot:\n                return nsec + '.' + nssec + '-' + nblock + '-' + nlot \n            else:\n                return nsec + '.' + nssec + '-' + nblock + '-' + nlot  + '.' + nslot \n    else:\n        return nsec + '.' + nssec + '-' + nblock + '-' + nlot  + '.' + nslot + '/' + nsuffix"</Process><Process ToolSource="c:\program files (x86)\arcgis\desktop10.1\ArcToolbox\Toolboxes\Data Management Tools.tbx\CalculateField" Date="20140416" Time="143533" Name="" export="">CalculateField Parcel Print_Key PrintKey_Not_RAM( !Section_! , !SubSection! , !Block! , !Lot! , !Sublot! , !Suffix! ) PYTHON_9.3 "def PrintKey_Not_RAM(sec, ssec, block, lot, slot, suffix):\n    import re\n    nsec = re.sub("^0+","",sec)\n    nssec = ssec[1:]\n    nblock = re.sub("^0+","",block)\n    nlot = re.sub("^0+","",lot)\n    nslot = re.sub("^0+","",slot)\n    nsuffix= re.sub("^0+","",suffix)\n \n    if not nsuffix:\n            if not nslot:\n                return nsec + '.' + nssec + '-' + nblock + '-' + nlot \n            else:\n                return nsec + '.' + nssec + '-' + nblock + '-' + nlot  + '.' + nslot \n    else:\n        return nsec + '.' + nssec + '-' + nblock + '-' + nlot  + '.' + nslot + '/' + nsuffix"</Process><Process ToolSource="c:\program files (x86)\arcgis\desktop10.1\ArcToolbox\Toolboxes\Data Management Tools.tbx\CalculateField" Date="20140520" Time="145206" Name="" export="">CalculateField Parcel Print_Key PrintKey_Not_RAM( !Section_! , !SubSection! , !Block! , !Lot! , !Sublot! , !Suffix! ) PYTHON_9.3 "def PrintKey_Not_RAM(sec, ssec, block, lot, slot, suffix):\n    import re\n    nsec = re.sub("^0+","",sec)\n    nssec = ssec[1:]\n    nblock = re.sub("^0+","",block)\n    nlot = re.sub("^0+","",lot)\n    nslot = re.sub("^0+","",slot)\n    nsuffix= re.sub("^0+","",suffix)\n \n    if not nsuffix:\n            if not nslot:\n                return nsec + '.' + nssec + '-' + nblock + '-' + nlot \n            else:\n                return nsec + '.' + nssec + '-' + nblock + '-' + nlot  + '.' + nslot \n    else:\n        return nsec + '.' + nssec + '-' + nblock + '-' + nlot  + '.' + nslot + '/' + nsuffix"</Process><Process ToolSource="c:\program files (x86)\arcgis\desktop10.1\ArcToolbox\Toolboxes\Data Management Tools.tbx\CalculateField" Date="20140602" Time="143401" Name="" export="">CalculateField Parcel Print_Key PrintKey_Not_RAM( !Section_! , !SubSection! , !Block! , !Lot! , !Sublot! , !Suffix! ) PYTHON_9.3 "def PrintKey_Not_RAM(sec, ssec, block, lot, slot, suffix):\n    import re\n    nsec = re.sub("^0+","",sec)\n    nssec = ssec[1:]\n    nblock = re.sub("^0+","",block)\n    nlot = re.sub("^0+","",lot)\n    nslot = re.sub("^0+","",slot)\n    nsuffix= re.sub("^0+","",suffix)\n \n    if not nsuffix:\n            if not nslot:\n                return nsec + '.' + nssec + '-' + nblock + '-' + nlot \n            else:\n                return nsec + '.' + nssec + '-' + nblock + '-' + nlot  + '.' + nslot \n    else:\n        return nsec + '.' + nssec + '-' + nblock + '-' + nlot  + '.' + nslot + '/' + nsuffix"</Process><Process ToolSource="c:\program files (x86)\arcgis\desktop10.1\ArcToolbox\Toolboxes\Data Management Tools.tbx\CalculateField" Date="20140616" Time="135610" Name="" export="">CalculateField Parcel Print_Key PrintKey_Not_RAM( !Section_! , !SubSection! , !Block! , !Lot! , !Sublot! , !Suffix! ) PYTHON_9.3 "def PrintKey_Not_RAM(sec, ssec, block, lot, slot, suffix):\n    import re\n    nsec = re.sub("^0+","",sec)\n    nssec = ssec[1:]\n    nblock = re.sub("^0+","",block)\n    nlot = re.sub("^0+","",lot)\n    nslot = re.sub("^0+","",slot)\n    nsuffix= re.sub("^0+","",suffix)\n \n    if not nsuffix:\n            if not nslot:\n                return nsec + '.' + nssec + '-' + nblock + '-' + nlot \n            else:\n                return nsec + '.' + nssec + '-' + nblock + '-' + nlot  + '.' + nslot \n    else:\n        return nsec + '.' + nssec + '-' + nblock + '-' + nlot  + '.' + nslot + '/' + nsuffix"</Process><Process ToolSource="c:\program files (x86)\arcgis\desktop10.1\ArcToolbox\Toolboxes\Data Management Tools.tbx\CalculateField" Date="20140626" Time="064738" Name="" export="">CalculateField Parcel Print_Key PrintKey_Not_RAM( !Section_! , !SubSection! , !Block! , !Lot! , !Sublot! , !Suffix! ) PYTHON_9.3 "def PrintKey_Not_RAM(sec, ssec, block, lot, slot, suffix):\n    import re\n    nsec = re.sub("^0+","",sec)\n    nssec = ssec[1:]\n    nblock = re.sub("^0+","",block)\n    nlot = re.sub("^0+","",lot)\n    nslot = re.sub("^0+","",slot)\n    nsuffix= re.sub("^0+","",suffix)\n \n    if not nsuffix:\n            if not nslot:\n                return nsec + '.' + nssec + '-' + nblock + '-' + nlot \n            else:\n                return nsec + '.' + nssec + '-' + nblock + '-' + nlot  + '.' + nslot \n    else:\n        return nsec + '.' + nssec + '-' + nblock + '-' + nlot  + '.' + nslot + '/' + nsuffix"</Process><Process ToolSource="c:\program files (x86)\arcgis\desktop10.1\ArcToolbox\Toolboxes\Data Management Tools.tbx\CalculateField" Date="20140714" Time="143203" Name="" export="">CalculateField Parcel Print_Key PrintKey_Not_RAM( !Section_! , !SubSection! , !Block! , !Lot! , !Sublot! , !Suffix! ) PYTHON_9.3 "def PrintKey_Not_RAM(sec, ssec, block, lot, slot, suffix):\n    import re\n    nsec = re.sub("^0+","",sec)\n    nssec = ssec[1:]\n    nblock = re.sub("^0+","",block)\n    nlot = re.sub("^0+","",lot)\n    nslot = re.sub("^0+","",slot)\n    nsuffix= re.sub("^0+","",suffix)\n \n    if not nsuffix:\n            if not nslot:\n                return nsec + '.' + nssec + '-' + nblock + '-' + nlot \n            else:\n                return nsec + '.' + nssec + '-' + nblock + '-' + nlot  + '.' + nslot \n    else:\n        return nsec + '.' + nssec + '-' + nblock + '-' + nlot  + '.' + nslot + '/' + nsuffix"</Process><Process ToolSource="c:\program files (x86)\arcgis\desktop10.2\ArcToolbox\Toolboxes\Data Management Tools.tbx\CalculateField" Date="20140826" Time="074819" Name="" export="">CalculateField Parcel Print_Key PrintKey_Not_RAM( !Section_! , !SubSection! , !Block! , !Lot! , !Sublot! , !Suffix! ) PYTHON_9.3 "def PrintKey_Not_RAM(sec, ssec, block, lot, slot, suffix):\n    import re\n    nsec = re.sub("^0+","",sec)\n    nssec = ssec[1:]\n    nblock = re.sub("^0+","",block)\n    nlot = re.sub("^0+","",lot)\n    nslot = re.sub("^0+","",slot)\n    nsuffix= re.sub("^0+","",suffix)\n \n    if not nsuffix:\n            if not nslot:\n                return nsec + '.' + nssec + '-' + nblock + '-' + nlot \n            else:\n                return nsec + '.' + nssec + '-' + nblock + '-' + nlot  + '.' + nslot \n    else:\n        return nsec + '.' + nssec + '-' + nblock + '-' + nlot  + '.' + nslot + '/' + nsuffix"</Process><Process ToolSource="c:\program files (x86)\arcgis\desktop10.2\ArcToolbox\Toolboxes\Data Management Tools.tbx\CalculateField" Date="20140925" Time="130710" Name="" export="">CalculateField Parcel Print_Key PrintKey_Not_RAM( !Section_! , !SubSection! , !Block! , !Lot! , !Sublot! , !Suffix! ) PYTHON_9.3 "def PrintKey_Not_RAM(sec, ssec, block, lot, slot, suffix):\n    import re\n    nsec = re.sub("^0+","",sec)\n    nssec = ssec[1:]\n    nblock = re.sub("^0+","",block)\n    nlot = re.sub("^0+","",lot)\n    nslot = re.sub("^0+","",slot)\n    nsuffix= re.sub("^0+","",suffix)\n \n    if not nsuffix:\n            if not nslot:\n                return nsec + '.' + nssec + '-' + nblock + '-' + nlot \n            else:\n                return nsec + '.' + nssec + '-' + nblock + '-' + nlot  + '.' + nslot \n    else:\n        return nsec + '.' + nssec + '-' + nblock + '-' + nlot  + '.' + nslot + '/' + nsuffix"</Process><Process ToolSource="c:\program files (x86)\arcgis\desktop10.1\ArcToolbox\Toolboxes\Data Management Tools.tbx\RemoveSpatialIndex" Date="20141003" Time="054524" Name="" export="">RemoveSpatialIndex "Database Connections\stonypoint_prod_steamboat.sde\STONYPOINT.Topology\STONYPOINT.Parcel"</Process><Process ToolSource="c:\program files (x86)\arcgis\desktop10.1\ArcToolbox\Toolboxes\Data Management Tools.tbx\AddSpatialIndex" Date="20141003" Time="054553" Name="" export="">AddSpatialIndex "Database Connections\stonypoint_prod_steamboat.sde\STONYPOINT.Topology\STONYPOINT.Parcel" 0 0 0</Process><Process ToolSource="c:\program files (x86)\arcgis\desktop10.1\ArcToolbox\Toolboxes\Data Management Tools.tbx\RemoveSpatialIndex" Date="20141006" Time="053943" Name="" export="">RemoveSpatialIndex "Database Connections\stonypoint_prod_steamboat.sde\STONYPOINT.Topology\STONYPOINT.Parcel"</Process><Process ToolSource="c:\program files (x86)\arcgis\desktop10.1\ArcToolbox\Toolboxes\Data Management Tools.tbx\AddSpatialIndex" Date="20141006" Time="054009" Name="" export="">AddSpatialIndex "Database Connections\stonypoint_prod_steamboat.sde\STONYPOINT.Topology\STONYPOINT.Parcel" 0 0 0</Process><Process ToolSource="c:\program files (x86)\arcgis\desktop10.1\ArcToolbox\Toolboxes\Data Management Tools.tbx\RemoveSpatialIndex" Date="20141007" Time="053855" Name="" export="">RemoveSpatialIndex "Database Connections\stonypoint_prod_steamboat.sde\STONYPOINT.Topology\STONYPOINT.Parcel"</Process><Process ToolSource="c:\program files (x86)\arcgis\desktop10.1\ArcToolbox\Toolboxes\Data Management Tools.tbx\AddSpatialIndex" Date="20141007" Time="053923" Name="" export="">AddSpatialIndex "Database Connections\stonypoint_prod_steamboat.sde\STONYPOINT.Topology\STONYPOINT.Parcel" 0 0 0</Process><Process ToolSource="c:\program files (x86)\arcgis\desktop10.1\ArcToolbox\Toolboxes\Data Management Tools.tbx\RemoveSpatialIndex" Date="20141008" Time="040423" Name="" export="">RemoveSpatialIndex "Database Connections\stonypoint_prod_steamboat.sde\STONYPOINT.Topology\STONYPOINT.Parcel"</Process><Process ToolSource="c:\program files (x86)\arcgis\desktop10.1\ArcToolbox\Toolboxes\Data Management Tools.tbx\AddSpatialIndex" Date="20141008" Time="040451" Name="" export="">AddSpatialIndex "Database Connections\stonypoint_prod_steamboat.sde\STONYPOINT.Topology\STONYPOINT.Parcel" 0 0 0</Process><Process ToolSource="c:\program files (x86)\arcgis\desktop10.2\ArcToolbox\Toolboxes\Data Management Tools.tbx\CalculateField" Date="20141008" Time="094212" Name="" export="">CalculateField Parcel PRINT_KEY PrintKey_Not_RAM( !Section_! , !SubSection! , !Block! , !Lot! , !Sublot! , !Suffix! ) PYTHON_9.3 "def PrintKey_Not_RAM(sec, ssec, block, lot, slot, suffix):\n    import re\n    nsec = re.sub("^0+","",sec)\n    nssec = ssec[1:]\n    nblock = re.sub("^0+","",block)\n    nlot = re.sub("^0+","",lot)\n    nslot = re.sub("^0+","",slot)\n    nsuffix= re.sub("^0+","",suffix)\n \n    if not nsuffix:\n            if not nslot:\n                return nsec + '.' + nssec + '-' + nblock + '-' + nlot \n            else:\n                return nsec + '.' + nssec + '-' + nblock + '-' + nlot  + '.' + nslot \n    else:\n        return nsec + '.' + nssec + '-' + nblock + '-' + nlot  + '.' + nslot + '/' + nsuffix"</Process><Process ToolSource="c:\program files (x86)\arcgis\desktop10.1\ArcToolbox\Toolboxes\Data Management Tools.tbx\RemoveSpatialIndex" Date="20141016" Time="034917" Name="" export="">RemoveSpatialIndex "Database Connections\stonypoint_prod_steamboat.sde\STONYPOINT.Topology\STONYPOINT.Parcel"</Process><Process ToolSource="c:\program files (x86)\arcgis\desktop10.1\ArcToolbox\Toolboxes\Data Management Tools.tbx\AddSpatialIndex" Date="20141016" Time="034944" Name="" export="">AddSpatialIndex "Database Connections\stonypoint_prod_steamboat.sde\STONYPOINT.Topology\STONYPOINT.Parcel" 0 0 0</Process><Process ToolSource="c:\program files (x86)\arcgis\desktop10.1\ArcToolbox\Toolboxes\Data Management Tools.tbx\RemoveSpatialIndex" Date="20141017" Time="042016" Name="" export="">RemoveSpatialIndex "Database Connections\stonypoint_prod_steamboat.sde\STONYPOINT.Topology\STONYPOINT.Parcel"</Process><Process ToolSource="c:\program files (x86)\arcgis\desktop10.1\ArcToolbox\Toolboxes\Data Management Tools.tbx\AddSpatialIndex" Date="20141017" Time="042048" Name="" export="">AddSpatialIndex "Database Connections\stonypoint_prod_steamboat.sde\STONYPOINT.Topology\STONYPOINT.Parcel" 0 0 0</Process><Process ToolSource="c:\program files (x86)\arcgis\desktop10.1\ArcToolbox\Toolboxes\Data Management Tools.tbx\RemoveSpatialIndex" Date="20141020" Time="044410" Name="" export="">RemoveSpatialIndex "Database Connections\stonypoint_prod_steamboat.sde\STONYPOINT.Topology\STONYPOINT.Parcel"</Process><Process ToolSource="c:\program files (x86)\arcgis\desktop10.1\ArcToolbox\Toolboxes\Data Management Tools.tbx\AddSpatialIndex" Date="20141020" Time="044440" Name="" export="">AddSpatialIndex "Database Connections\stonypoint_prod_steamboat.sde\STONYPOINT.Topology\STONYPOINT.Parcel" 0 0 0</Process><Process ToolSource="c:\program files (x86)\arcgis\desktop10.1\ArcToolbox\Toolboxes\Data Management Tools.tbx\RemoveSpatialIndex" Date="20141021" Time="044322" Name="" export="">RemoveSpatialIndex "Database Connections\stonypoint_prod_steamboat.sde\STONYPOINT.Topology\STONYPOINT.Parcel"</Process><Process ToolSource="c:\program files (x86)\arcgis\desktop10.1\ArcToolbox\Toolboxes\Data Management Tools.tbx\AddSpatialIndex" Date="20141021" Time="044350" Name="" export="">AddSpatialIndex "Database Connections\stonypoint_prod_steamboat.sde\STONYPOINT.Topology\STONYPOINT.Parcel" 0 0 0</Process><Process ToolSource="c:\program files (x86)\arcgis\desktop10.1\ArcToolbox\Toolboxes\Data Management Tools.tbx\RemoveSpatialIndex" Date="20141022" Time="080912" Name="" export="">RemoveSpatialIndex "Database Connections\stonypoint_prod_steamboat.sde\STONYPOINT.Topology\STONYPOINT.Parcel"</Process><Process ToolSource="c:\program files (x86)\arcgis\desktop10.1\ArcToolbox\Toolboxes\Data Management Tools.tbx\AddSpatialIndex" Date="20141022" Time="080940" Name="" export="">AddSpatialIndex "Database Connections\stonypoint_prod_steamboat.sde\STONYPOINT.Topology\STONYPOINT.Parcel" 0 0 0</Process><Process ToolSource="c:\program files (x86)\arcgis\desktop10.1\ArcToolbox\Toolboxes\Data Management Tools.tbx\RemoveSpatialIndex" Date="20141023" Time="044152" Name="" export="">RemoveSpatialIndex "Database Connections\stonypoint_prod_steamboat.sde\STONYPOINT.Topology\STONYPOINT.Parcel"</Process><Process ToolSource="c:\program files (x86)\arcgis\desktop10.1\ArcToolbox\Toolboxes\Data Management Tools.tbx\AddSpatialIndex" Date="20141023" Time="044227" Name="" export="">AddSpatialIndex "Database Connections\stonypoint_prod_steamboat.sde\STONYPOINT.Topology\STONYPOINT.Parcel" 0 0 0</Process><Process ToolSource="c:\program files (x86)\arcgis\desktop10.1\ArcToolbox\Toolboxes\Data Management Tools.tbx\RemoveSpatialIndex" Date="20141024" Time="044312" Name="" export="">RemoveSpatialIndex "Database Connections\stonypoint_prod_steamboat.sde\STONYPOINT.Topology\STONYPOINT.Parcel"</Process><Process ToolSource="c:\program files (x86)\arcgis\desktop10.1\ArcToolbox\Toolboxes\Data Management Tools.tbx\AddSpatialIndex" Date="20141024" Time="044348" Name="" export="">AddSpatialIndex "Database Connections\stonypoint_prod_steamboat.sde\STONYPOINT.Topology\STONYPOINT.Parcel" 0 0 0</Process><Process ToolSource="c:\program files (x86)\arcgis\desktop10.1\ArcToolbox\Toolboxes\Data Management Tools.tbx\RemoveSpatialIndex" Date="20141027" Time="044157" Name="" export="">RemoveSpatialIndex "Database Connections\stonypoint_prod_steamboat.sde\STONYPOINT.Topology\STONYPOINT.Parcel"</Process><Process ToolSource="c:\program files (x86)\arcgis\desktop10.1\ArcToolbox\Toolboxes\Data Management Tools.tbx\AddSpatialIndex" Date="20141027" Time="044233" Name="" export="">AddSpatialIndex "Database Connections\stonypoint_prod_steamboat.sde\STONYPOINT.Topology\STONYPOINT.Parcel" 0 0 0</Process><Process ToolSource="c:\program files (x86)\arcgis\desktop10.1\ArcToolbox\Toolboxes\Data Management Tools.tbx\RemoveSpatialIndex" Date="20141028" Time="044216" Name="" export="">RemoveSpatialIndex "Database Connections\stonypoint_prod_steamboat.sde\STONYPOINT.Topology\STONYPOINT.Parcel"</Process><Process ToolSource="c:\program files (x86)\arcgis\desktop10.1\ArcToolbox\Toolboxes\Data Management Tools.tbx\AddSpatialIndex" Date="20141028" Time="044252" Name="" export="">AddSpatialIndex "Database Connections\stonypoint_prod_steamboat.sde\STONYPOINT.Topology\STONYPOINT.Parcel" 0 0 0</Process><Process ToolSource="c:\program files (x86)\arcgis\desktop10.1\ArcToolbox\Toolboxes\Data Management Tools.tbx\RemoveSpatialIndex" Date="20141029" Time="043641" Name="" export="">RemoveSpatialIndex "Database Connections\stonypoint_prod_steamboat.sde\STONYPOINT.Topology\STONYPOINT.Parcel"</Process><Process ToolSource="c:\program files (x86)\arcgis\desktop10.1\ArcToolbox\Toolboxes\Data Management Tools.tbx\AddSpatialIndex" Date="20141029" Time="043718" Name="" export="">AddSpatialIndex "Database Connections\stonypoint_prod_steamboat.sde\STONYPOINT.Topology\STONYPOINT.Parcel" 0 0 0</Process><Process ToolSource="c:\program files (x86)\arcgis\desktop10.1\ArcToolbox\Toolboxes\Data Management Tools.tbx\RemoveSpatialIndex" Date="20141030" Time="043433" Name="" export="">RemoveSpatialIndex "Database Connections\stonypoint_prod_steamboat.sde\STONYPOINT.Topology\STONYPOINT.Parcel"</Process><Process ToolSource="c:\program files (x86)\arcgis\desktop10.1\ArcToolbox\Toolboxes\Data Management Tools.tbx\AddSpatialIndex" Date="20141030" Time="043508" Name="" export="">AddSpatialIndex "Database Connections\stonypoint_prod_steamboat.sde\STONYPOINT.Topology\STONYPOINT.Parcel" 0 0 0</Process><Process ToolSource="c:\program files (x86)\arcgis\desktop10.1\ArcToolbox\Toolboxes\Data Management Tools.tbx\RemoveSpatialIndex" Date="20141031" Time="044237" Name="" export="">RemoveSpatialIndex "Database Connections\stonypoint_prod_steamboat.sde\STONYPOINT.Topology\STONYPOINT.Parcel"</Process><Process ToolSource="c:\program files (x86)\arcgis\desktop10.1\ArcToolbox\Toolboxes\Data Management Tools.tbx\AddSpatialIndex" Date="20141031" Time="044313" Name="" export="">AddSpatialIndex "Database Connections\stonypoint_prod_steamboat.sde\STONYPOINT.Topology\STONYPOINT.Parcel" 0 0 0</Process><Process ToolSource="c:\program files (x86)\arcgis\desktop10.1\ArcToolbox\Toolboxes\Data Management Tools.tbx\RemoveSpatialIndex" Date="20141103" Time="044209" Name="" export="">RemoveSpatialIndex "Database Connections\stonypoint_prod_steamboat.sde\STONYPOINT.Topology\STONYPOINT.Parcel"</Process><Process ToolSource="c:\program files (x86)\arcgis\desktop10.1\ArcToolbox\Toolboxes\Data Management Tools.tbx\AddSpatialIndex" Date="20141103" Time="044245" Name="" export="">AddSpatialIndex "Database Connections\stonypoint_prod_steamboat.sde\STONYPOINT.Topology\STONYPOINT.Parcel" 0 0 0</Process><Process ToolSource="c:\program files (x86)\arcgis\desktop10.1\ArcToolbox\Toolboxes\Data Management Tools.tbx\RemoveSpatialIndex" Date="20141104" Time="044252" Name="" export="">RemoveSpatialIndex "Database Connections\stonypoint_prod_steamboat.sde\STONYPOINT.Topology\STONYPOINT.Parcel"</Process><Process ToolSource="c:\program files (x86)\arcgis\desktop10.1\ArcToolbox\Toolboxes\Data Management Tools.tbx\AddSpatialIndex" Date="20141104" Time="044329" Name="" export="">AddSpatialIndex "Database Connections\stonypoint_prod_steamboat.sde\STONYPOINT.Topology\STONYPOINT.Parcel" 0 0 0</Process><Process ToolSource="c:\program files (x86)\arcgis\desktop10.1\ArcToolbox\Toolboxes\Data Management Tools.tbx\RemoveSpatialIndex" Date="20141105" Time="044151" Name="" export="">RemoveSpatialIndex "Database Connections\stonypoint_prod_steamboat.sde\STONYPOINT.Topology\STONYPOINT.Parcel"</Process><Process ToolSource="c:\program files (x86)\arcgis\desktop10.1\ArcToolbox\Toolboxes\Data Management Tools.tbx\AddSpatialIndex" Date="20141105" Time="044227" Name="" export="">AddSpatialIndex "Database Connections\stonypoint_prod_steamboat.sde\STONYPOINT.Topology\STONYPOINT.Parcel" 0 0 0</Process><Process ToolSource="c:\program files (x86)\arcgis\desktop10.1\ArcToolbox\Toolboxes\Data Management Tools.tbx\RemoveSpatialIndex" Date="20141106" Time="044321" Name="" export="">RemoveSpatialIndex "Database Connections\stonypoint_prod_steamboat.sde\STONYPOINT.Topology\STONYPOINT.Parcel"</Process><Process ToolSource="c:\program files (x86)\arcgis\desktop10.1\ArcToolbox\Toolboxes\Data Management Tools.tbx\AddSpatialIndex" Date="20141106" Time="044353" Name="" export="">AddSpatialIndex "Database Connections\stonypoint_prod_steamboat.sde\STONYPOINT.Topology\STONYPOINT.Parcel" 0 0 0</Process><Process ToolSource="c:\program files (x86)\arcgis\desktop10.1\ArcToolbox\Toolboxes\Data Management Tools.tbx\RemoveSpatialIndex" Date="20141107" Time="044409" Name="" export="">RemoveSpatialIndex "Database Connections\stonypoint_prod_steamboat.sde\STONYPOINT.Topology\STONYPOINT.Parcel"</Process><Process ToolSource="c:\program files (x86)\arcgis\desktop10.1\ArcToolbox\Toolboxes\Data Management Tools.tbx\AddSpatialIndex" Date="20141107" Time="044440" Name="" export="">AddSpatialIndex "Database Connections\stonypoint_prod_steamboat.sde\STONYPOINT.Topology\STONYPOINT.Parcel" 0 0 0</Process><Process ToolSource="c:\program files (x86)\arcgis\desktop10.1\ArcToolbox\Toolboxes\Data Management Tools.tbx\RemoveSpatialIndex" Date="20141110" Time="044241" Name="" export="">RemoveSpatialIndex "Database Connections\stonypoint_prod_steamboat.sde\STONYPOINT.Topology\STONYPOINT.Parcel"</Process><Process ToolSource="c:\program files (x86)\arcgis\desktop10.1\ArcToolbox\Toolboxes\Data Management Tools.tbx\AddSpatialIndex" Date="20141110" Time="044310" Name="" export="">AddSpatialIndex "Database Connections\stonypoint_prod_steamboat.sde\STONYPOINT.Topology\STONYPOINT.Parcel" 0 0 0</Process><Process ToolSource="c:\program files (x86)\arcgis\desktop10.1\ArcToolbox\Toolboxes\Data Management Tools.tbx\RemoveSpatialIndex" Date="20141111" Time="044353" Name="" export="">RemoveSpatialIndex "Database Connections\stonypoint_prod_steamboat.sde\STONYPOINT.Topology\STONYPOINT.Parcel"</Process><Process ToolSource="c:\program files (x86)\arcgis\desktop10.1\ArcToolbox\Toolboxes\Data Management Tools.tbx\AddSpatialIndex" Date="20141111" Time="044421" Name="" export="">AddSpatialIndex "Database Connections\stonypoint_prod_steamboat.sde\STONYPOINT.Topology\STONYPOINT.Parcel" 0 0 0</Process><Process ToolSource="c:\program files (x86)\arcgis\desktop10.1\ArcToolbox\Toolboxes\Data Management Tools.tbx\RemoveSpatialIndex" Date="20141112" Time="044148" Name="" export="">RemoveSpatialIndex "Database Connections\stonypoint_prod_steamboat.sde\STONYPOINT.Topology\STONYPOINT.Parcel"</Process><Process ToolSource="c:\program files (x86)\arcgis\desktop10.1\ArcToolbox\Toolboxes\Data Management Tools.tbx\AddSpatialIndex" Date="20141112" Time="044218" Name="" export="">AddSpatialIndex "Database Connections\stonypoint_prod_steamboat.sde\STONYPOINT.Topology\STONYPOINT.Parcel" 0 0 0</Process><Process ToolSource="c:\program files (x86)\arcgis\desktop10.2\ArcToolbox\Toolboxes\Data Management Tools.tbx\CalculateField" Date="20141112" Time="131813" Name="" export="">CalculateField Parcel PRINT_KEY PrintKey_Not_RAM( !Section_! , !SubSection! , !Block! , !Lot! , !Sublot! , !Suffix! ) PYTHON_9.3 "def PrintKey_Not_RAM(sec, ssec, block, lot, slot, suffix):\n    import re\n    nsec = re.sub("^0+","",sec)\n    nssec = ssec[1:]\n    nblock = re.sub("^0+","",block)\n    nlot = re.sub("^0+","",lot)\n    nslot = re.sub("^0+","",slot)\n    nsuffix= re.sub("^0+","",suffix)\n \n    if not nsuffix:\n            if not nslot:\n                return nsec + '.' + nssec + '-' + nblock + '-' + nlot \n            else:\n                return nsec + '.' + nssec + '-' + nblock + '-' + nlot  + '.' + nslot \n    else:\n        return nsec + '.' + nssec + '-' + nblock + '-' + nlot  + '.' + nslot + '/' + nsuffix"</Process><Process ToolSource="c:\program files (x86)\arcgis\desktop10.1\ArcToolbox\Toolboxes\Data Management Tools.tbx\RemoveSpatialIndex" Date="20141113" Time="044929" Name="" export="">RemoveSpatialIndex "Database Connections\stonypoint_prod_steamboat.sde\STONYPOINT.Topology\STONYPOINT.Parcel"</Process><Process ToolSource="c:\program files (x86)\arcgis\desktop10.1\ArcToolbox\Toolboxes\Data Management Tools.tbx\AddSpatialIndex" Date="20141113" Time="045001" Name="" export="">AddSpatialIndex "Database Connections\stonypoint_prod_steamboat.sde\STONYPOINT.Topology\STONYPOINT.Parcel" 0 0 0</Process><Process ToolSource="c:\program files (x86)\arcgis\desktop10.1\ArcToolbox\Toolboxes\Data Management Tools.tbx\RemoveSpatialIndex" Date="20141114" Time="044608" Name="" export="">RemoveSpatialIndex "Database Connections\stonypoint_prod_steamboat.sde\STONYPOINT.Topology\STONYPOINT.Parcel"</Process><Process ToolSource="c:\program files (x86)\arcgis\desktop10.1\ArcToolbox\Toolboxes\Data Management Tools.tbx\AddSpatialIndex" Date="20141114" Time="044640" Name="" export="">AddSpatialIndex "Database Connections\stonypoint_prod_steamboat.sde\STONYPOINT.Topology\STONYPOINT.Parcel" 0 0 0</Process><Process ToolSource="c:\program files (x86)\arcgis\desktop10.1\ArcToolbox\Toolboxes\Data Management Tools.tbx\RemoveSpatialIndex" Date="20141117" Time="045408" Name="" export="">RemoveSpatialIndex "Database Connections\stonypoint_prod_steamboat.sde\STONYPOINT.Topology\STONYPOINT.Parcel"</Process><Process ToolSource="c:\program files (x86)\arcgis\desktop10.1\ArcToolbox\Toolboxes\Data Management Tools.tbx\AddSpatialIndex" Date="20141117" Time="045438" Name="" export="">AddSpatialIndex "Database Connections\stonypoint_prod_steamboat.sde\STONYPOINT.Topology\STONYPOINT.Parcel" 0 0 0</Process><Process ToolSource="c:\program files (x86)\arcgis\desktop10.1\ArcToolbox\Toolboxes\Data Management Tools.tbx\RemoveSpatialIndex" Date="20141118" Time="041424" Name="" export="">RemoveSpatialIndex "Database Connections\stonypoint_prod_steamboat.sde\STONYPOINT.Topology\STONYPOINT.Parcel"</Process><Process ToolSource="c:\program files (x86)\arcgis\desktop10.1\ArcToolbox\Toolboxes\Data Management Tools.tbx\AddSpatialIndex" Date="20141118" Time="041456" Name="" export="">AddSpatialIndex "Database Connections\stonypoint_prod_steamboat.sde\STONYPOINT.Topology\STONYPOINT.Parcel" 0 0 0</Process><Process ToolSource="c:\program files (x86)\arcgis\desktop10.1\ArcToolbox\Toolboxes\Data Management Tools.tbx\RemoveSpatialIndex" Date="20141119" Time="045534" Name="" export="">RemoveSpatialIndex "Database Connections\stonypoint_prod_steamboat.sde\STONYPOINT.Topology\STONYPOINT.Parcel"</Process><Process ToolSource="c:\program files (x86)\arcgis\desktop10.1\ArcToolbox\Toolboxes\Data Management Tools.tbx\AddSpatialIndex" Date="20141119" Time="045604" Name="" export="">AddSpatialIndex "Database Connections\stonypoint_prod_steamboat.sde\STONYPOINT.Topology\STONYPOINT.Parcel" 0 0 0</Process><Process ToolSource="c:\program files (x86)\arcgis\desktop10.1\ArcToolbox\Toolboxes\Data Management Tools.tbx\RemoveSpatialIndex" Date="20141120" Time="045451" Name="" export="">RemoveSpatialIndex "Database Connections\stonypoint_prod_steamboat.sde\STONYPOINT.Topology\STONYPOINT.Parcel"</Process><Process ToolSource="c:\program files (x86)\arcgis\desktop10.1\ArcToolbox\Toolboxes\Data Management Tools.tbx\AddSpatialIndex" Date="20141120" Time="045523" Name="" export="">AddSpatialIndex "Database Connections\stonypoint_prod_steamboat.sde\STONYPOINT.Topology\STONYPOINT.Parcel" 0 0 0</Process><Process ToolSource="c:\program files (x86)\arcgis\desktop10.1\ArcToolbox\Toolboxes\Data Management Tools.tbx\RemoveSpatialIndex" Date="20141121" Time="052821" Name="" export="">RemoveSpatialIndex "Database Connections\stonypoint_prod_steamboat.sde\STONYPOINT.Topology\STONYPOINT.Parcel"</Process><Process ToolSource="c:\program files (x86)\arcgis\desktop10.1\ArcToolbox\Toolboxes\Data Management Tools.tbx\AddSpatialIndex" Date="20141121" Time="052853" Name="" export="">AddSpatialIndex "Database Connections\stonypoint_prod_steamboat.sde\STONYPOINT.Topology\STONYPOINT.Parcel" 0 0 0</Process><Process ToolSource="c:\program files (x86)\arcgis\desktop10.1\ArcToolbox\Toolboxes\Data Management Tools.tbx\RemoveSpatialIndex" Date="20141124" Time="052727" Name="" export="">RemoveSpatialIndex "Database Connections\stonypoint_prod_steamboat.sde\STONYPOINT.Topology\STONYPOINT.Parcel"</Process><Process ToolSource="c:\program files (x86)\arcgis\desktop10.1\ArcToolbox\Toolboxes\Data Management Tools.tbx\AddSpatialIndex" Date="20141124" Time="052757" Name="" export="">AddSpatialIndex "Database Connections\stonypoint_prod_steamboat.sde\STONYPOINT.Topology\STONYPOINT.Parcel" 0 0 0</Process><Process ToolSource="c:\program files (x86)\arcgis\desktop10.1\ArcToolbox\Toolboxes\Data Management Tools.tbx\RemoveSpatialIndex" Date="20141125" Time="052653" Name="" export="">RemoveSpatialIndex "Database Connections\stonypoint_prod_steamboat.sde\STONYPOINT.Topology\STONYPOINT.Parcel"</Process><Process ToolSource="c:\program files (x86)\arcgis\desktop10.1\ArcToolbox\Toolboxes\Data Management Tools.tbx\AddSpatialIndex" Date="20141125" Time="052725" Name="" export="">AddSpatialIndex "Database Connections\stonypoint_prod_steamboat.sde\STONYPOINT.Topology\STONYPOINT.Parcel" 0 0 0</Process><Process ToolSource="c:\program files (x86)\arcgis\desktop10.1\ArcToolbox\Toolboxes\Data Management Tools.tbx\RemoveSpatialIndex" Date="20141126" Time="060050" Name="" export="">RemoveSpatialIndex "Database Connections\stonypoint_prod_steamboat.sde\STONYPOINT.Topology\STONYPOINT.Parcel"</Process><Process ToolSource="c:\program files (x86)\arcgis\desktop10.1\ArcToolbox\Toolboxes\Data Management Tools.tbx\AddSpatialIndex" Date="20141126" Time="060121" Name="" export="">AddSpatialIndex "Database Connections\stonypoint_prod_steamboat.sde\STONYPOINT.Topology\STONYPOINT.Parcel" 0 0 0</Process><Process ToolSource="c:\program files (x86)\arcgis\desktop10.1\ArcToolbox\Toolboxes\Data Management Tools.tbx\RemoveSpatialIndex" Date="20141127" Time="055716" Name="" export="">RemoveSpatialIndex "Database Connections\stonypoint_prod_steamboat.sde\STONYPOINT.Topology\STONYPOINT.Parcel"</Process><Process ToolSource="c:\program files (x86)\arcgis\desktop10.1\ArcToolbox\Toolboxes\Data Management Tools.tbx\AddSpatialIndex" Date="20141127" Time="055748" Name="" export="">AddSpatialIndex "Database Connections\stonypoint_prod_steamboat.sde\STONYPOINT.Topology\STONYPOINT.Parcel" 0 0 0</Process><Process ToolSource="c:\program files (x86)\arcgis\desktop10.1\ArcToolbox\Toolboxes\Data Management Tools.tbx\RemoveSpatialIndex" Date="20141128" Time="055703" Name="" export="">RemoveSpatialIndex "Database Connections\stonypoint_prod_steamboat.sde\STONYPOINT.Topology\STONYPOINT.Parcel"</Process><Process ToolSource="c:\program files (x86)\arcgis\desktop10.1\ArcToolbox\Toolboxes\Data Management Tools.tbx\AddSpatialIndex" Date="20141128" Time="055734" Name="" export="">AddSpatialIndex "Database Connections\stonypoint_prod_steamboat.sde\STONYPOINT.Topology\STONYPOINT.Parcel" 0 0 0</Process><Process ToolSource="c:\program files (x86)\arcgis\desktop10.1\ArcToolbox\Toolboxes\Data Management Tools.tbx\RemoveSpatialIndex" Date="20141201" Time="055610" Name="" export="">RemoveSpatialIndex "Database Connections\stonypoint_prod_steamboat.sde\STONYPOINT.Topology\STONYPOINT.Parcel"</Process><Process ToolSource="c:\program files (x86)\arcgis\desktop10.1\ArcToolbox\Toolboxes\Data Management Tools.tbx\AddSpatialIndex" Date="20141201" Time="055641" Name="" export="">AddSpatialIndex "Database Connections\stonypoint_prod_steamboat.sde\STONYPOINT.Topology\STONYPOINT.Parcel" 0 0 0</Process><Process ToolSource="c:\program files (x86)\arcgis\desktop10.1\ArcToolbox\Toolboxes\Data Management Tools.tbx\RemoveSpatialIndex" Date="20141202" Time="060145" Name="" export="">RemoveSpatialIndex "Database Connections\stonypoint_prod_steamboat.sde\STONYPOINT.Topology\STONYPOINT.Parcel"</Process><Process ToolSource="c:\program files (x86)\arcgis\desktop10.1\ArcToolbox\Toolboxes\Data Management Tools.tbx\AddSpatialIndex" Date="20141202" Time="060215" Name="" export="">AddSpatialIndex "Database Connections\stonypoint_prod_steamboat.sde\STONYPOINT.Topology\STONYPOINT.Parcel" 0 0 0</Process><Process ToolSource="c:\program files (x86)\arcgis\desktop10.1\ArcToolbox\Toolboxes\Data Management Tools.tbx\RemoveSpatialIndex" Date="20141203" Time="055628" Name="" export="">RemoveSpatialIndex "Database Connections\stonypoint_prod_steamboat.sde\STONYPOINT.Topology\STONYPOINT.Parcel"</Process><Process ToolSource="c:\program files (x86)\arcgis\desktop10.1\ArcToolbox\Toolboxes\Data Management Tools.tbx\AddSpatialIndex" Date="20141203" Time="055701" Name="" export="">AddSpatialIndex "Database Connections\stonypoint_prod_steamboat.sde\STONYPOINT.Topology\STONYPOINT.Parcel" 0 0 0</Process><Process ToolSource="c:\program files (x86)\arcgis\desktop10.1\ArcToolbox\Toolboxes\Data Management Tools.tbx\RemoveSpatialIndex" Date="20141204" Time="055755" Name="" export="">RemoveSpatialIndex "Database Connections\stonypoint_prod_steamboat.sde\STONYPOINT.Topology\STONYPOINT.Parcel"</Process><Process ToolSource="c:\program files (x86)\arcgis\desktop10.1\ArcToolbox\Toolboxes\Data Management Tools.tbx\AddSpatialIndex" Date="20141204" Time="055826" Name="" export="">AddSpatialIndex "Database Connections\stonypoint_prod_steamboat.sde\STONYPOINT.Topology\STONYPOINT.Parcel" 0 0 0</Process><Process ToolSource="c:\program files (x86)\arcgis\desktop10.1\ArcToolbox\Toolboxes\Data Management Tools.tbx\RemoveSpatialIndex" Date="20141205" Time="045125" Name="" export="">RemoveSpatialIndex "Database Connections\stonypoint_prod_steamboat.sde\STONYPOINT.Topology\STONYPOINT.Parcel"</Process><Process ToolSource="c:\program files (x86)\arcgis\desktop10.1\ArcToolbox\Toolboxes\Data Management Tools.tbx\AddSpatialIndex" Date="20141205" Time="045156" Name="" export="">AddSpatialIndex "Database Connections\stonypoint_prod_steamboat.sde\STONYPOINT.Topology\STONYPOINT.Parcel" 0 0 0</Process><Process ToolSource="c:\program files (x86)\arcgis\desktop10.1\ArcToolbox\Toolboxes\Data Management Tools.tbx\RemoveSpatialIndex" Date="20141208" Time="045059" Name="" export="">RemoveSpatialIndex "Database Connections\stonypoint_prod_steamboat.sde\STONYPOINT.Topology\STONYPOINT.Parcel"</Process><Process ToolSource="c:\program files (x86)\arcgis\desktop10.1\ArcToolbox\Toolboxes\Data Management Tools.tbx\AddSpatialIndex" Date="20141208" Time="045131" Name="" export="">AddSpatialIndex "Database Connections\stonypoint_prod_steamboat.sde\STONYPOINT.Topology\STONYPOINT.Parcel" 0 0 0</Process><Process ToolSource="c:\program files (x86)\arcgis\desktop10.1\ArcToolbox\Toolboxes\Data Management Tools.tbx\RemoveSpatialIndex" Date="20141209" Time="045149" Name="" export="">RemoveSpatialIndex "Database Connections\stonypoint_prod_steamboat.sde\STONYPOINT.Topology\STONYPOINT.Parcel"</Process><Process ToolSource="c:\program files (x86)\arcgis\desktop10.1\ArcToolbox\Toolboxes\Data Management Tools.tbx\AddSpatialIndex" Date="20141209" Time="045221" Name="" export="">AddSpatialIndex "Database Connections\stonypoint_prod_steamboat.sde\STONYPOINT.Topology\STONYPOINT.Parcel" 0 0 0</Process><Process ToolSource="c:\program files (x86)\arcgis\desktop10.2\ArcToolbox\Toolboxes\Data Management Tools.tbx\CalculateField" Date="20141216" Time="051059" Name="" export="">CalculateField Parcel PRINT_KEY PrintKey_Not_RAM( !Section_! , !SubSection! , !Block! , !Lot! , !Sublot! , !Suffix! ) PYTHON_9.3 "def PrintKey_Not_RAM(sec, ssec, block, lot, slot, suffix):\n    import re\n    nsec = re.sub("^0+","",sec)\n    nssec = ssec[1:]\n    nblock = re.sub("^0+","",block)\n    nlot = re.sub("^0+","",lot)\n    nslot = re.sub("^0+","",slot)\n    nsuffix= re.sub("^0+","",suffix)\n \n    if not nsuffix:\n            if not nslot:\n                return nsec + '.' + nssec + '-' + nblock + '-' + nlot \n            else:\n                return nsec + '.' + nssec + '-' + nblock + '-' + nlot  + '.' + nslot \n    else:\n        return nsec + '.' + nssec + '-' + nblock + '-' + nlot  + '.' + nslot + '/' + nsuffix"</Process><Process ToolSource="c:\program files (x86)\arcgis\desktop10.1\ArcToolbox\Toolboxes\Data Management Tools.tbx\AddField" Date="20150312" Time="104651" Name="" export="">AddField D:\Python\RocklandCounty\Rockland_Schema_v4.gdb/Topology\Parcel ORIG_SOURCE TEXT # # 50 # NULLABLE NON_REQUIRED #</Process><Process ToolSource="c:\program files (x86)\arcgis\desktop10.1\ArcToolbox\Toolboxes\Data Management Tools.tbx\AddField" Date="20150312" Time="104653" Name="" export="">AddField D:\Python\RocklandCounty\Rockland_Schema_v4.gdb/Topology\Parcel ORIG_OID LONG # # # # NULLABLE NON_REQUIRED #</Process><Process ToolSource="c:\program files (x86)\arcgis\desktop10.2\ArcToolbox\Toolboxes\Data Management Tools.tbx\AddField" Date="20150529" Time="150824" Name="" export="">AddField D:\57467T_Rockland\mugj_translate_test\5_29_2015\Ramapo\Rockland_Schema_v7.gdb/Topology\Parcel FL_JOIN_KEY TEXT # # 150 # NULLABLE NON_REQUIRED #</Process><Process ToolSource="c:\program files (x86)\arcgis\desktop10.2\ArcToolbox\Toolboxes\Data Management Tools.tbx\DeleteField" Date="20150604" Time="141247" Name="" export="">DeleteField D:\57467T_Rockland\mugj_translate_test\5_29_2015\Clarkstown\base\Rockland_Schema_v7.gdb/Topology\Parcel ORIG_SOURCE</Process><Process ToolSource="c:\program files (x86)\arcgis\desktop10.2\ArcToolbox\Toolboxes\Data Management Tools.tbx\AddField" Date="20150604" Time="141250" Name="" export="">AddField D:\57467T_Rockland\mugj_translate_test\5_29_2015\Clarkstown\base\Rockland_Schema_v7.gdb/Topology\Parcel JWS_TOWN TEXT # # 32 # NULLABLE NON_REQUIRED #</Process><Process ToolSource="c:\program files (x86)\arcgis\desktop10.2\ArcToolbox\Toolboxes\Data Management Tools.tbx\AssignDomainToField" Date="20151129" Time="143320" Name="" export="">AssignDomainToField D:\57468T_Rockland\Updated_gdb_11_29_2015\Stony_Point_20151029.gdb\Topology\Parcel JWS_TOWN TownName #</Process><Process ToolSource="c:\program files (x86)\arcgis\desktop10.2\ArcToolbox\Toolboxes\Data Management Tools.tbx\DeleteField" Date="20151217" Time="153647" Name="" export="">DeleteField D:\57468T_Rockland\_Updated_gdb_11_29_2015\Delivery_Prep\1508_Run4\Append_1508\RocklandCoNY_1508.gdb/Topology\Parcel ORIG_OID</Process><Process ToolSource="c:\program files (x86)\arcgis\desktop10.2\ArcToolbox\Toolboxes\Data Management Tools.tbx\DeleteField" Date="20151217" Time="153700" Name="" export="">DeleteField D:\57468T_Rockland\_Updated_gdb_11_29_2015\Delivery_Prep\1508_Run4\Append_1508\RocklandCoNY_1508.gdb/Topology\Parcel FL_JOIN_KEY</Process><Process ToolSource="c:\program files (x86)\arcgis\desktop10.3\ArcToolbox\Toolboxes\Data Management Tools.tbx\CalculateField" Date="20160106" Time="164755" Name="" export="">CalculateField Village_Line_NEW TOWN "Orangetown" VB #</Process><Process ToolSource="c:\program files (x86)\arcgis\desktop10.3\ArcToolbox\Toolboxes\Data Management Tools.tbx\CalculateField" Date="20160106" Time="164834" Name="" export="">CalculateField Village_Line_NEW TOWN "Clarkstown" VB #</Process><Process ToolSource="c:\program files (x86)\arcgis\desktop10.3\ArcToolbox\Toolboxes\Data Management Tools.tbx\CalculateField" Date="20160106" Time="164905" Name="" export="">CalculateField Village_Line_NEW TOWN "Ramapo" VB #</Process><Process ToolSource="c:\program files (x86)\arcgis\desktop10.3\ArcToolbox\Toolboxes\Data Management Tools.tbx\CalculateField" Date="20160106" Time="164932" Name="" export="">CalculateField Village_Line_NEW TOWN "Haverstraw" VB #</Process><Process ToolSource="c:\program files (x86)\arcgis\desktop10.3\ArcToolbox\Toolboxes\Data Management Tools.tbx\CalculateField" Date="20160107" Time="101407" Name="" export="">CalculateField Village_Line_NEW MUNI "Nyack, Clarkstown" VB #</Process><Process ToolSource="c:\program files (x86)\arcgis\desktop10.3\ArcToolbox\Toolboxes\Data Management Tools.tbx\CalculateField" Date="20160107" Time="101429" Name="" export="">CalculateField Village_Line_NEW MUNI "Spring Valley, Ramapo" VB #</Process><Process ToolSource="c:\program files (x86)\arcgis\desktop10.3\ArcToolbox\Toolboxes\Data Management Tools.tbx\CalculateField" Date="20160107" Time="154322" Name="" export="">CalculateField Towns_Village_Thalweg_POLYS TOWN "Haverstraw" VB #</Process><Process ToolSource="c:\program files (x86)\arcgis\desktop10.3\ArcToolbox\Toolboxes\Data Management Tools.tbx\CalculateField" Date="20160107" Time="154333" Name="" export="">CalculateField Towns_Village_Thalweg_POLYS NAME "Haverstraw" VB #</Process><Process ToolSource="c:\program files (x86)\arcgis\desktop10.3\ArcToolbox\Toolboxes\Data Management Tools.tbx\CalculateField" Date="20160107" Time="154338" Name="" export="">CalculateField Towns_Village_Thalweg_POLYS MUNI "Haverstraw" VB #</Process><Process ToolSource="c:\program files (x86)\arcgis\desktop10.3\ArcToolbox\Toolboxes\Data Management Tools.tbx\CalculateField" Date="20160107" Time="154627" Name="" export="">CalculateField Towns_Village_Thalweg_POLYS NAME "Orangetown" VB #</Process><Process ToolSource="c:\program files (x86)\arcgis\desktop10.3\ArcToolbox\Toolboxes\Data Management Tools.tbx\CalculateField" Date="20160107" Time="154631" Name="" export="">CalculateField Towns_Village_Thalweg_POLYS TOWN "Orangetown" VB #</Process><Process ToolSource="c:\program files (x86)\arcgis\desktop10.3\ArcToolbox\Toolboxes\Data Management Tools.tbx\CalculateField" Date="20160107" Time="154818" Name="" export="">CalculateField Towns_Village_Thalweg_POLYS TOWN "Clarkstown" VB #</Process><Process ToolSource="c:\program files (x86)\arcgis\desktop10.3\ArcToolbox\Toolboxes\Data Management Tools.tbx\CalculateField" Date="20160107" Time="154824" Name="" export="">CalculateField Towns_Village_Thalweg_POLYS NAME "Clarkstown" VB #</Process><Process ToolSource="c:\program files (x86)\arcgis\desktop10.3\ArcToolbox\Toolboxes\Data Management Tools.tbx\CalculateField" Date="20160107" Time="154839" Name="" export="">CalculateField Towns_Village_Thalweg_POLYS MUNI "Clarkstown" VB #</Process><Process ToolSource="c:\program files (x86)\arcgis\desktop10.3\ArcToolbox\Toolboxes\Data Management Tools.tbx\CalculateField" Date="20160107" Time="154951" Name="" export="">CalculateField Towns_Village_Thalweg_POLYS NAME "Ramapo" VB #</Process><Process ToolSource="c:\program files (x86)\arcgis\desktop10.3\ArcToolbox\Toolboxes\Data Management Tools.tbx\CalculateField" Date="20160107" Time="154955" Name="" export="">CalculateField Towns_Village_Thalweg_POLYS TOWN "Ramapo" VB #</Process><Process ToolSource="c:\program files (x86)\arcgis\desktop10.3\ArcToolbox\Toolboxes\Data Management Tools.tbx\CalculateField" Date="20160107" Time="155000" Name="" export="">CalculateField Towns_Village_Thalweg_POLYS MUNI "Ramapo" VB #</Process><Process ToolSource="c:\program files (x86)\arcgis\desktop10.3\ArcToolbox\Toolboxes\Data Management Tools.tbx\CalculateField" Date="20160120" Time="115610" Name="" export="">CalculateField Towns_Village_Thalweg MUNI "Pomona, Ramapo" VB #</Process></lineage><itemProps><itemLocation><linkage Sync="TRUE">file://\\YCPLAN2\MAIN\SHARED\GIS\Shared\District\Municipal\Legal\Towns_Village_Thalweg.shp</linkage><protocol Sync="TRUE">Local Area Network</protocol></itemLocation><itemName Sync="TRUE">Towns_Village_Thalweg</itemName><itemSize Sync="TRUE">1.217</itemSize><nativeExtBox><westBL Sync="TRUE">565266.923064</westBL><eastBL Sync="TRUE">663489.888418</eastBL><southBL Sync="TRUE">788647.124045</southBL><northBL Sync="TRUE">907443.353643</northBL><exTypeCode Sync="TRUE">1</exTypeCode></nativeExtBox><imsContentType Sync="TRUE">002</imsContentType></itemProps><coordRef><type Sync="TRUE">Projected</type><geogcsn Sync="TRUE">GCS_North_American_1983</geogcsn><csUnits Sync="TRUE">Linear Unit: Foot_US (0.304801)</csUnits><projcsn Sync="TRUE">NAD_1983_StatePlane_New_York_East_FIPS_3101_Feet</projcsn><peXml Sync="TRUE">&lt;ProjectedCoordinateSystem xsi:type='typens:ProjectedCoordinateSystem' xmlns:xsi='http://www.w3.org/2001/XMLSchema-instance' xmlns:xs='http://www.w3.org/2001/XMLSchema' xmlns:typens='http://www.esri.com/schemas/ArcGIS/10.3'&gt;&lt;WKT&gt;PROJCS[&amp;quot;NAD_1983_StatePlane_New_York_East_FIPS_3101_Feet&amp;quot;,GEOGCS[&amp;quot;GCS_North_American_1983&amp;quot;,DATUM[&amp;quot;D_North_American_1983&amp;quot;,SPHEROID[&amp;quot;GRS_1980&amp;quot;,6378137.0,298.257222101]],PRIMEM[&amp;quot;Greenwich&amp;quot;,0.0],UNIT[&amp;quot;Degree&amp;quot;,0.0174532925199433]],PROJECTION[&amp;quot;Transverse_Mercator&amp;quot;],PARAMETER[&amp;quot;False_Easting&amp;quot;,492125.0],PARAMETER[&amp;quot;False_Northing&amp;quot;,0.0],PARAMETER[&amp;quot;Central_Meridian&amp;quot;,-74.5],PARAMETER[&amp;quot;Scale_Factor&amp;quot;,0.9999],PARAMETER[&amp;quot;Latitude_Of_Origin&amp;quot;,38.83333333333333],UNIT[&amp;quot;Foot_US&amp;quot;,0.3048006096012192],AUTHORITY[&amp;quot;EPSG&amp;quot;,2260]]&lt;/WKT&gt;&lt;XOrigin&gt;-17954600&lt;/XOrigin&gt;&lt;YOrigin&gt;-46918100&lt;/YOrigin&gt;&lt;XYScale&gt;137255069.87923574&lt;/XYScale&gt;&lt;ZOrigin&gt;-100000&lt;/ZOrigin&gt;&lt;ZScale&gt;10000&lt;/ZScale&gt;&lt;MOrigin&gt;-100000&lt;/MOrigin&gt;&lt;MScale&gt;10000&lt;/MScale&gt;&lt;XYTolerance&gt;0.0032808333333333331&lt;/XYTolerance&gt;&lt;ZTolerance&gt;0.001&lt;/ZTolerance&gt;&lt;MTolerance&gt;0.001&lt;/MTolerance&gt;&lt;HighPrecision&gt;true&lt;/HighPrecision&gt;&lt;WKID&gt;102715&lt;/WKID&gt;&lt;LatestWKID&gt;2260&lt;/LatestWKID&gt;&lt;/ProjectedCoordinateSystem&gt;</peXml></coordRef></DataProperties><ArcGISFormat>1.0</ArcGISFormat><ArcGISstyle>FGDC CSDGM Metadata</ArcGISstyle><scaleRange><minScale>150000000</minScale><maxScale>5000</maxScale></scaleRange><ArcGISProfile>FGDC</ArcGISProfile></Esri><mdLang><languageCode value="eng"/><countryCode value="USA" Sync="TRUE"/></mdLang><mdChar><CharSetCd value="004"/></mdChar><mdHrLv><ScopeCd value="005"/></mdHrLv><mdContact><rpIndName>Caren Wecera</rpIndName><rpOrgName>Rockland County Department of Planning</rpOrgName><rpPosName>GIS Technician II</rpPosName><rpCntInfo><cntPhone><voiceNum>845-364-3434</voiceNum><faxNum>845-364-3435</faxNum></cntPhone><cntAddress addressType="both"><delPoint>50 Sanatorium Rd</delPoint><city>Pomona</city><adminArea>NY</adminArea><postCode>10970</postCode><country>US</country><delPoint>Yeager Health Center - Bldg T</delPoint></cntAddress><cntHours>9-5</cntHours></rpCntInfo><role><RoleCd value="009"/></role></mdContact><mdStanName>ArcGIS Metadata</mdStanName><mdStanVer>1.0</mdStanVer><distInfo xmlns=""><distributor xmlns=""><distorTran xmlns=""><onLineSrc><orDesc>Downloadable data</orDesc></onLineSrc></distorTran></distributor><distFormat xmlns=""><formatName Sync="TRUE">Shapefile</formatName></distFormat><distTranOps xmlns=""><transSize Sync="TRUE">1.217</transSize></distTranOps></distInfo><dataIdInfo><idCitation><date><pubDate date="unknown" time="unknown"/><reviseDate>2015-12-30T00:00:00</reviseDate></date><citRespParty><rpOrgName>Rockland County Department of Planning - GIS</rpOrgName><role><RoleCd value="006"/></role><rpIndName>Caren Wecera</rpIndName><rpPosName>GIS Technician II</rpPosName><rpCntInfo><cntAddress><delPoint>50 Sanatorium Rd</delPoint><city>Pomona</city><adminArea>NY</adminArea><postCode>10970</postCode><country>US</country><delPoint>Yeager Health Center - Bldg T</delPoint></cntAddress><cntPhone><voiceNum>845-364-3434</voiceNum></cntPhone><cntHours>9-5</cntHours></rpCntInfo></citRespParty><presForm><PresFormCd value="005"/></presForm><presForm><fgdcGeoform>vector digital data</fgdcGeoform><PresFormCd value="001"/></presForm><resTitle Sync="FALSE">Towns_Village_Thalweg</resTitle></idCitation><idStatus><ProgCd value="001"/></idStatus><idPoC><rpIndName>Douglas J. Schuetz</rpIndName><rpOrgName>Rockland County Department of Planning</rpOrgName><rpPosName>GIS Director</rpPosName><rpCntInfo><cntPhone><voiceNum>845-364-3434</voiceNum><faxNum>845-364-3435</faxNum></cntPhone><cntAddress><eMailAdd>SchuetzD@co.rockland.ny.us</eMailAdd></cntAddress><cntHours>8-4</cntHours></rpCntInfo><role><RoleCd value="007"/></role></idPoC><resMaint><maintFreq><MaintFreqCd value="009"/></maintFreq></resMaint><placeKeys><keyword>Rockland County</keyword><keyword>New York</keyword></placeKeys><searchKeys><keyword>Rockland County</keyword><keyword>New York</keyword></searchKeys><resConst><LegConsts><useLimit>In no instance is the Data to be sold, leased, published, sub-licensed, loaned, or transferred, in whole or part.</useLimit></LegConsts></resConst><resConst><SecConsts><class><ClasscationCd value="002"/></class></SecConsts></resConst><resConst><Consts><useLimit>&lt;DIV STYLE="text-align:Left;"&gt;&lt;DIV&gt;&lt;DIV&gt;&lt;P STYLE="margin:0 0 0 0;"&gt;&lt;SPAN&gt;Authorized users &lt;/SPAN&gt;&lt;SPAN /&gt;&lt;SPAN /&gt;&lt;SPAN&gt;&lt;SPAN&gt;shall protect the Data from unauthorized use, reproduction, distribution, or publication. &lt;/SPAN&gt;&lt;/SPAN&gt;&lt;/P&gt;&lt;P&gt;&lt;SPAN /&gt;&lt;/P&gt;&lt;/DIV&gt;&lt;/DIV&gt;&lt;/DIV&gt;</useLimit></Consts></resConst><spatRpType><SpatRepTypCd value="001"/></spatRpType><dataLang><languageCode value="eng"/><countryCode value="USA" Sync="TRUE"/></dataLang><dataExt><exDesc>publication date</exDesc></dataExt><idPurp>Town Boundaries extending into the Hudson River, the legal boundary.  Updated November 2016.</idPurp><idAbs>&lt;DIV STYLE="text-align:Left;"&gt;&lt;DIV&gt;&lt;DIV&gt;&lt;P&gt;&lt;SPAN&gt;These town &amp;amp; village boundaries were compiled from tax maps prepared by J.W. Sewall. The tax maps were current as of August 2015.&lt;/SPAN&gt;&lt;/P&gt;&lt;/DIV&gt;&lt;/DIV&gt;&lt;/DIV&gt;</idAbs><themeKeys><keyword>Town Boundary</keyword></themeKeys><themeKeys><keyword>Rockland County</keyword></themeKeys><dataChar><CharSetCd value="004"/></dataChar><suppInfo>The accuracy of the information presented on this website is not guaranteed. It was compiled from relevant public records, but is not implied by the County to represent an "official" replication thereof. This information is constantly changing, may not be accurate or precise at the time of viewing, is not supplied for engineering purposes and should be field verified for accuracy. The County of Rockland does not assume any liability to any party for any loss or damage caused by the use of information presented in this file. All use is strictly at the user's own risk.</suppInfo><envirDesc Sync="TRUE">Microsoft Windows 7 Version 6.1 (Build 7601) Service Pack 1; Esri ArcGIS 10.3.0.4322</envirDesc><dataExt><geoEle xmlns=""><GeoBndBox esriExtentType="search"><exTypeCode Sync="TRUE">1</exTypeCode><westBL Sync="TRUE">-74.235006</westBL><eastBL Sync="TRUE">-73.876073</eastBL><northBL Sync="TRUE">41.324258</northBL><southBL Sync="TRUE">40.996820</southBL></GeoBndBox></geoEle></dataExt><tpCat><TopicCatCd value="003"/></tpCat></dataIdInfo><mdMaint><maintFreq><MaintFreqCd value="009"/></maintFreq></mdMaint><dqInfo><dqScope><scpLvl><ScopeCd value="005"/></scpLvl></dqScope><report type="DQConcConsis" dimension="horizontal"><evalMethDesc>This data is believed to be logically consistent, though no tests were performed. Line geometry is topologically clean. 

This data were created using Rockland's parcel based GIS system at 1:1200 scale.  Therefore, the horizontal accuracy is assumed to be within National Map Accuracy Standards for 100' scale mapping.</evalMethDesc></report><dataLineage><statement>Town &amp; village boundaries were compiled from tax maps prepared by J.W. Sewall. The tax maps are current as of August 2015. </statement></dataLineage></dqInfo><eainfo><detailed Name="Towns_Village_Thalweg"><enttyp><enttypl Sync="TRUE">Towns_Village_Thalweg</enttypl><enttypt Sync="TRUE">Feature Class</enttypt><enttypc Sync="TRUE">42</enttypc></enttyp><attr><attrlabl Sync="TRUE">FID</attrlabl><attalias Sync="TRUE">FID</attalias><attrtype Sync="TRUE">OID</attrtype><attwidth Sync="TRUE">4</attwidth><atprecis Sync="TRUE">0</atprecis><attscale Sync="TRUE">0</attscale><attrdef Sync="TRUE">Internal feature number.</attrdef><attrdefs Sync="TRUE">Esri</attrdefs><attrdomv><udom Sync="TRUE">Sequential unique whole numbers that are automatically generated.</udom></attrdomv></attr><attr><attrlabl Sync="TRUE">Shape</attrlabl><attalias Sync="TRUE">Shape</attalias><attrtype Sync="TRUE">Geometry</attrtype><attwidth Sync="TRUE">0</attwidth><atprecis Sync="TRUE">0</atprecis><attscale Sync="TRUE">0</attscale><attrdef Sync="TRUE">Feature geometry.</attrdef><attrdefs Sync="TRUE">Esri</attrdefs><attrdomv><udom Sync="TRUE">Coordinates defining the features.</udom></attrdomv></attr><attr><attrlabl Sync="TRUE">NAME</attrlabl><attalias Sync="TRUE">NAME</attalias><attrtype Sync="TRUE">String</attrtype><attwidth Sync="TRUE">25</attwidth><atprecis Sync="TRUE">0</atprecis><attscale Sync="TRUE">0</attscale></attr><attr><attrlabl Sync="TRUE">VILLAGE</attrlabl><attalias Sync="TRUE">VILLAGE</attalias><attrtype Sync="TRUE">String</attrtype><attwidth Sync="TRUE">30</attwidth><atprecis Sync="TRUE">0</atprecis><attscale Sync="TRUE">0</attscale></attr><attr><attrlabl Sync="TRUE">TOWN</attrlabl><attalias Sync="TRUE">TOWN</attalias><attrtype Sync="TRUE">String</attrtype><attwidth Sync="TRUE">25</attwidth><atprecis Sync="TRUE">0</atprecis><attscale Sync="TRUE">0</attscale></attr><attr><attrlabl Sync="TRUE">MUNI</attrlabl><attalias Sync="TRUE">MUNI</attalias><attrtype Sync="TRUE">String</attrtype><attwidth Sync="TRUE">30</attwidth><atprecis Sync="TRUE">0</atprecis><attscale Sync="TRUE">0</attscale></attr><attr><attrlabl Sync="TRUE">ACRES</attrlabl><attalias Sync="TRUE">ACRES</attalias><attrtype Sync="TRUE">Double</attrtype><attwidth Sync="TRUE">19</attwidth><atprecis Sync="TRUE">0</atprecis><attscale Sync="TRUE">0</attscale></attr><attr><attrlabl Sync="TRUE">SqMILES</attrlabl><attalias Sync="TRUE">SqMILES</attalias><attrtype Sync="TRUE">Double</attrtype><attwidth Sync="TRUE">19</attwidth><atprecis Sync="TRUE">0</atprecis><attscale Sync="TRUE">0</attscale></attr></detailed></eainfo><mdHrLvName Sync="TRUE">dataset</mdHrLvName><refSysInfo><RefSystem><refSysID><identCode code="2260" Sync="TRUE"/><idCodeSpace Sync="TRUE">EPSG</idCodeSpace><idVersion Sync="TRUE">8.2.6</idVersion></refSysID></RefSystem></refSysInfo><spatRepInfo><VectSpatRep><geometObjs Name="Towns_Village_Thalweg"><geoObjTyp><GeoObjTypCd value="002" Sync="TRUE"></GeoObjTypCd></geoObjTyp><geoObjCnt Sync="TRUE">42</geoObjCnt></geometObjs><topLvl><TopoLevCd value="001" Sync="TRUE"></TopoLevCd></topLvl></VectSpatRep></spatRepInfo><spdoinfo><ptvctinf><esriterm Name="Towns_Village_Thalweg"><efeatyp Sync="TRUE">Simple</efeatyp><efeageom code="4" Sync="TRUE"></efeageom><esritopo Sync="TRUE">FALSE</esritopo><efeacnt Sync="TRUE">42</efeacnt><spindex Sync="TRUE">TRUE</spindex><linrefer Sync="TRUE">FALSE</linrefer></esriterm></ptvctinf></spdoinfo><mdDateSt Sync="TRUE">20161117</mdDateSt></metadata>
