<metadata xml:lang="en"><Esri><CreaDate>20220215</CreaDate><CreaTime>09470700</CreaTime><ArcGISFormat>1.0</ArcGISFormat><SyncOnce>FALSE</SyncOnce><DataProperties><itemProps><itemName Sync="TRUE">Cty_ED_Jan_1_2024</itemName><itemLocation><linkage Sync="TRUE">file://\\RC-PLN-005\D$\GIS_Data\District\Election\2024\Cty_ED_Jan_1_2024.shp</linkage><protocol Sync="TRUE">Local Area Network</protocol></itemLocation><itemSize Sync="TRUE">0.000</itemSize><nativeExtBox><westBL Sync="TRUE">565266.922791</westBL><eastBL Sync="TRUE">658620.386346</eastBL><southBL Sync="TRUE">788692.994032</southBL><northBL Sync="TRUE">906538.967985</northBL><exTypeCode Sync="TRUE">1</exTypeCode></nativeExtBox><imsContentType Sync="TRUE" export="False">002</imsContentType></itemProps><coordRef><type Sync="TRUE">Projected</type><geogcsn Sync="TRUE">GCS_North_American_1983</geogcsn><csUnits Sync="TRUE">Linear Unit: Foot_US (0.304801)</csUnits><projcsn Sync="TRUE">NAD_1983_StatePlane_New_York_East_FIPS_3101_Feet</projcsn><peXml Sync="TRUE">&lt;ProjectedCoordinateSystem xsi:type='typens:ProjectedCoordinateSystem' xmlns:xsi='http://www.w3.org/2001/XMLSchema-instance' xmlns:xs='http://www.w3.org/2001/XMLSchema' xmlns:typens='http://www.esri.com/schemas/ArcGIS/3.0.0'&gt;&lt;WKT&gt;PROJCS[&amp;quot;NAD_1983_StatePlane_New_York_East_FIPS_3101_Feet&amp;quot;,GEOGCS[&amp;quot;GCS_North_American_1983&amp;quot;,DATUM[&amp;quot;D_North_American_1983&amp;quot;,SPHEROID[&amp;quot;GRS_1980&amp;quot;,6378137.0,298.257222101]],PRIMEM[&amp;quot;Greenwich&amp;quot;,0.0],UNIT[&amp;quot;Degree&amp;quot;,0.0174532925199433]],PROJECTION[&amp;quot;Transverse_Mercator&amp;quot;],PARAMETER[&amp;quot;False_Easting&amp;quot;,492125.0],PARAMETER[&amp;quot;False_Northing&amp;quot;,0.0],PARAMETER[&amp;quot;Central_Meridian&amp;quot;,-74.5],PARAMETER[&amp;quot;Scale_Factor&amp;quot;,0.9999],PARAMETER[&amp;quot;Latitude_Of_Origin&amp;quot;,38.83333333333334],UNIT[&amp;quot;Foot_US&amp;quot;,0.3048006096012192],AUTHORITY[&amp;quot;EPSG&amp;quot;,2260]]&lt;/WKT&gt;&lt;XOrigin&gt;-17954600&lt;/XOrigin&gt;&lt;YOrigin&gt;-46918100&lt;/YOrigin&gt;&lt;XYScale&gt;137255069.87923574&lt;/XYScale&gt;&lt;ZOrigin&gt;-100000&lt;/ZOrigin&gt;&lt;ZScale&gt;10000&lt;/ZScale&gt;&lt;MOrigin&gt;-100000&lt;/MOrigin&gt;&lt;MScale&gt;10000&lt;/MScale&gt;&lt;XYTolerance&gt;0.0032808333333333331&lt;/XYTolerance&gt;&lt;ZTolerance&gt;0.001&lt;/ZTolerance&gt;&lt;MTolerance&gt;0.001&lt;/MTolerance&gt;&lt;HighPrecision&gt;true&lt;/HighPrecision&gt;&lt;WKID&gt;102715&lt;/WKID&gt;&lt;LatestWKID&gt;2260&lt;/LatestWKID&gt;&lt;/ProjectedCoordinateSystem&gt;</peXml></coordRef><lineage><Process ToolSource="c:\program files\arcgis\pro\Resources\ArcToolbox\toolboxes\Conversion Tools.tbx\ExportFeatures" Date="20230123" Time="080618" Name="" export="">ExportFeatures Cty_ED_Feb_16_2022 C:\GIS\GIS_Data\District\Election\2023\Cty_ED_Feb_2023.shp # NOT_USE_ALIAS "TOWN "TOWN" true true false 25 Text 0 0,First,#,Cty_ED_Feb_16_2022,Cty_ED_Feb_16_2022.TOWN,0,25;ED_NUM "ED_NUM" true true false 16 Text 0 0,First,#,Cty_ED_Feb_16_2022,Cty_ED_Feb_16_2022.ED_NUM,0,16;ED_KEY "ED_KEY" true true false 16 Text 0 0,First,#,Cty_ED_Feb_16_2022,Cty_ED_Feb_16_2022.ED_KEY,0,16;TOWN_ID "TOWN_ID" true true false 1 Text 0 0,First,#,Cty_ED_Feb_16_2022,Cty_ED_Feb_16_2022.TOWN_ID,0,1;WARD_ID "WARD_ID" true true false 3 Text 0 0,First,#,Cty_ED_Feb_16_2022,Cty_ED_Feb_16_2022.WARD_ID,0,3;ED_ID "ED_ID" true true false 3 Text 0 0,First,#,Cty_ED_Feb_16_2022,Cty_ED_Feb_16_2022.ED_ID,0,3;TWD "TWD" true true false 9 Text 0 0,First,#,Cty_ED_Feb_16_2022,Cty_ED_Feb_16_2022.TWD,0,9;Shape_Leng "Shape_Leng" true true false 19 Double 0 0,First,#,Cty_ED_Feb_16_2022,Cty_ED_Feb_16_2022.Shape_Leng,-1,-1;Shape_Area "Shape_Area" true true false 19 Double 0 0,First,#,Cty_ED_Feb_16_2022,Cty_ED_Feb_16_2022.Shape_Area,-1,-1;TOWN "TOWN" true true false 8000 Text 0 0,First,#,Cty_ED_Feb_16_2022,VOTERS_BY_ED_JAN_2023.csv.TOWN,0,8000;ED_NUM "ED_NUM" true true false 4 Long 0 0,First,#,Cty_ED_Feb_16_2022,VOTERS_BY_ED_JAN_2023.csv.ED_NUM,-1,-1;ED_KEY "ED_KEY" true true false 8000 Text 0 0,First,#,Cty_ED_Feb_16_2022,VOTERS_BY_ED_JAN_2023.csv.ED_KEY,0,8000;TOWN_ID "TOWN_ID" true true false 8000 Text 0 0,First,#,Cty_ED_Feb_16_2022,VOTERS_BY_ED_JAN_2023.csv.TOWN_ID,0,8000;REG_VOTERS "REG_VOTERS" true true false 4 Long 0 0,First,#,Cty_ED_Feb_16_2022,VOTERS_BY_ED_JAN_2023.csv.REG_VOTERS,-1,-1" #</Process><Process ToolSource="c:\program files\arcgis\pro\Resources\ArcToolbox\Toolboxes\Data Management Tools.tbx\UpdateSchema" Date="20230203" Time="080232" Name="" export="">UpdateSchema "CIMDATA=&lt;CIMStandardDataConnection xsi:type='typens:CIMStandardDataConnection' xmlns:xsi='http://www.w3.org/2001/XMLSchema-instance' xmlns:xs='http://www.w3.org/2001/XMLSchema' xmlns:typens='http://www.esri.com/schemas/ArcGIS/3.0.0'&gt;&lt;WorkspaceConnectionString&gt;DATABASE=C:\GIS\GIS_Data\District\Election\2023&lt;/WorkspaceConnectionString&gt;&lt;WorkspaceFactory&gt;Shapefile&lt;/WorkspaceFactory&gt;&lt;Dataset&gt;Cty_ED_Feb_2023.shp&lt;/Dataset&gt;&lt;DatasetType&gt;esriDTFeatureClass&lt;/DatasetType&gt;&lt;/CIMStandardDataConnection&gt;" &lt;operationSequence&gt;&lt;workflow&gt;&lt;DeleteField&gt;&lt;field_name&gt;TOWN_1&lt;/field_name&gt;&lt;field_name&gt;ED_NUM_1&lt;/field_name&gt;&lt;field_name&gt;ED_KEY_1&lt;/field_name&gt;&lt;field_name&gt;TOWN_ID_1&lt;/field_name&gt;&lt;field_name&gt;REG_VOTERS&lt;/field_name&gt;&lt;/DeleteField&gt;&lt;/workflow&gt;&lt;/operationSequence&gt;</Process><Process ToolSource="c:\program files\arcgis\pro\Resources\ArcToolbox\Toolboxes\Data Management Tools.tbx\UpdateSchema" Date="20230203" Time="114358" Name="" export="">UpdateSchema "CIMDATA=&lt;CIMStandardDataConnection xsi:type='typens:CIMStandardDataConnection' xmlns:xsi='http://www.w3.org/2001/XMLSchema-instance' xmlns:xs='http://www.w3.org/2001/XMLSchema' xmlns:typens='http://www.esri.com/schemas/ArcGIS/3.0.0'&gt;&lt;WorkspaceConnectionString&gt;DATABASE=C:\GIS\GIS_Data\District\Election\2023&lt;/WorkspaceConnectionString&gt;&lt;WorkspaceFactory&gt;Shapefile&lt;/WorkspaceFactory&gt;&lt;Dataset&gt;Cty_ED_Feb_2023.shp&lt;/Dataset&gt;&lt;DatasetType&gt;esriDTFeatureClass&lt;/DatasetType&gt;&lt;/CIMStandardDataConnection&gt;" &lt;operationSequence&gt;&lt;workflow&gt;&lt;AddField&gt;&lt;field_name&gt;LD&lt;/field_name&gt;&lt;field_type&gt;TEXT&lt;/field_type&gt;&lt;field_length&gt;2&lt;/field_length&gt;&lt;field_is_nullable&gt;False&lt;/field_is_nullable&gt;&lt;field_is_required&gt;False&lt;/field_is_required&gt;&lt;/AddField&gt;&lt;/workflow&gt;&lt;/operationSequence&gt;</Process><Process ToolSource="c:\program files\arcgis\pro\Resources\ArcToolbox\toolboxes\Data Management Tools.tbx\CalculateField" Date="20230203" Time="133257" Name="" export="">CalculateField Cty_ED_Feb_2023 TOWN_ID "O" "Python 3" # Text NO_ENFORCE_DOMAINS</Process><Process ToolSource="c:\program files\arcgis\pro\Resources\ArcToolbox\toolboxes\Conversion Tools.tbx\ExportFeatures" Date="20230203" Time="134254" Name="" export="">ExportFeatures Cty_ED_Feb_2023 C:\GIS\GIS_Data\District\Election\2023\Cty_ED_Feb_3_2023.shp # NOT_USE_ALIAS "TOWN "TOWN" true true false 25 Text 0 0,First,#,Cty_ED_Feb_2023,TOWN,0,25;ED_NUM "ED_NUM" true true false 16 Text 0 0,First,#,Cty_ED_Feb_2023,ED_NUM,0,16;ED_KEY "ED_KEY" true true false 16 Text 0 0,First,#,Cty_ED_Feb_2023,ED_KEY,0,16;TOWN_ID "TOWN_ID" true true false 1 Text 0 0,First,#,Cty_ED_Feb_2023,TOWN_ID,0,1;ED_ID "ED_ID" true true false 3 Text 0 0,First,#,Cty_ED_Feb_2023,ED_ID,0,3;Shape_Leng "Shape_Leng" true true false 19 Double 0 0,First,#,Cty_ED_Feb_2023,Shape_Leng,-1,-1;Shape_Area "Shape_Area" true true false 19 Double 0 0,First,#,Cty_ED_Feb_2023,Shape_Area,-1,-1" #</Process><Process ToolSource="c:\program files\arcgis\pro\Resources\ArcToolbox\Toolboxes\Data Management Tools.tbx\UpdateSchema" Date="20230207" Time="123627" Name="" export="">UpdateSchema "CIMDATA=&lt;CIMStandardDataConnection xsi:type='typens:CIMStandardDataConnection' xmlns:xsi='http://www.w3.org/2001/XMLSchema-instance' xmlns:xs='http://www.w3.org/2001/XMLSchema' xmlns:typens='http://www.esri.com/schemas/ArcGIS/3.0.0'&gt;&lt;WorkspaceConnectionString&gt;DATABASE=C:\GIS\GIS_Data\District\Election\2023&lt;/WorkspaceConnectionString&gt;&lt;WorkspaceFactory&gt;Shapefile&lt;/WorkspaceFactory&gt;&lt;Dataset&gt;Cty_ED_Feb_3_2023.shp&lt;/Dataset&gt;&lt;DatasetType&gt;esriDTFeatureClass&lt;/DatasetType&gt;&lt;/CIMStandardDataConnection&gt;" &lt;operationSequence&gt;&lt;workflow&gt;&lt;AddField&gt;&lt;field_name&gt;WARD_ID&lt;/field_name&gt;&lt;field_type&gt;TEXT&lt;/field_type&gt;&lt;field_length&gt;3&lt;/field_length&gt;&lt;field_is_nullable&gt;False&lt;/field_is_nullable&gt;&lt;field_is_required&gt;False&lt;/field_is_required&gt;&lt;/AddField&gt;&lt;/workflow&gt;&lt;workflow&gt;&lt;AddField&gt;&lt;field_name&gt;TWD&lt;/field_name&gt;&lt;field_type&gt;TEXT&lt;/field_type&gt;&lt;field_length&gt;9&lt;/field_length&gt;&lt;field_is_nullable&gt;False&lt;/field_is_nullable&gt;&lt;field_is_required&gt;False&lt;/field_is_required&gt;&lt;/AddField&gt;&lt;/workflow&gt;&lt;/operationSequence&gt;</Process><Process ToolSource="c:\program files\arcgis\pro\Resources\ArcToolbox\toolboxes\Data Management Tools.tbx\CalculateField" Date="20230207" Time="125053" Name="" export="">CalculateField Cty_ED_Feb_3_2023 TWD "!TOWN_ID! + "/" + !WARD_ID! + "/" + !ED_ID!" "Python 3" # Text NO_ENFORCE_DOMAINS</Process><Process ToolSource="c:\program files\arcgis\pro\Resources\ArcToolbox\toolboxes\Conversion Tools.tbx\ExportFeatures" Date="20230207" Time="131236" Name="" export="">ExportFeatures Cty_ED_Feb_3_2023 C:\GIS\GIS_Data\District\Election\Election_District_Layers_2022.gdb\Cty_ED_Feb_3_2023 # NOT_USE_ALIAS "TOWN "TOWN" true true false 25 Text 0 0,First,#,Cty_ED_Feb_3_2023,TOWN,0,25;ED_NUM "ED_NUM" true true false 16 Text 0 0,First,#,Cty_ED_Feb_3_2023,ED_NUM,0,16;ED_KEY "ED_KEY" true true false 16 Text 0 0,First,#,Cty_ED_Feb_3_2023,ED_KEY,0,16;TOWN_ID "TOWN_ID" true true false 1 Text 0 0,First,#,Cty_ED_Feb_3_2023,TOWN_ID,0,1;WARD_ID "WARD_ID" true true false 3 Text 0 0,First,#,Cty_ED_Feb_3_2023,WARD_ID,0,3;ED_ID "ED_ID" true true false 3 Text 0 0,First,#,Cty_ED_Feb_3_2023,ED_ID,0,3;TWD "TWD" true true false 9 Text 0 0,First,#,Cty_ED_Feb_3_2023,TWD,0,9" #</Process><Process ToolSource="c:\program files\arcgis\pro\Resources\ArcToolbox\toolboxes\Data Management Tools.tbx\CalculateField" Date="20230207" Time="154550" Name="" export="">CalculateField Cty_ED_Feb_3_2023 TWD "!TOWN_ID! + " /" + !WARD_ID! + "/" + !ED_ID!" "Python 3" # Text NO_ENFORCE_DOMAINS</Process><Process ToolSource="c:\program files\arcgis\pro\Resources\ArcToolbox\toolboxes\Data Management Tools.tbx\UpdateSchema" Date="20230207" Time="154650" Name="" export="">UpdateSchema "CIMDATA=&lt;CIMStandardDataConnection xsi:type='typens:CIMStandardDataConnection' xmlns:xsi='http://www.w3.org/2001/XMLSchema-instance' xmlns:xs='http://www.w3.org/2001/XMLSchema' xmlns:typens='http://www.esri.com/schemas/ArcGIS/3.0.0'&gt;&lt;WorkspaceConnectionString&gt;DATABASE=C:\GIS\GIS_Data\District\Election\Current_Election_District_Layers.gdb&lt;/WorkspaceConnectionString&gt;&lt;WorkspaceFactory&gt;FileGDB&lt;/WorkspaceFactory&gt;&lt;Dataset&gt;Cty_ED_Feb_3_2023&lt;/Dataset&gt;&lt;DatasetType&gt;esriDTFeatureClass&lt;/DatasetType&gt;&lt;/CIMStandardDataConnection&gt;" &lt;operationSequence&gt;&lt;workflow&gt;&lt;AlterField&gt;&lt;field_name&gt;TWD&lt;/field_name&gt;&lt;field_type&gt;TEXT&lt;/field_type&gt;&lt;field_length&gt;10&lt;/field_length&gt;&lt;field_is_nullable&gt;True&lt;/field_is_nullable&gt;&lt;clear_field_alias&gt;False&lt;/clear_field_alias&gt;&lt;/AlterField&gt;&lt;/workflow&gt;&lt;/operationSequence&gt;</Process><Process ToolSource="c:\program files\arcgis\pro\Resources\ArcToolbox\toolboxes\Data Management Tools.tbx\CalculateField" Date="20230207" Time="154700" Name="" export="">CalculateField Cty_ED_Feb_3_2023 TWD "!TOWN_ID! + " /" + !WARD_ID! + "/" + !ED_ID!" "Python 3" # Text NO_ENFORCE_DOMAINS</Process><Process ToolSource="c:\program files\arcgis\pro\Resources\ArcToolbox\toolboxes\Data Management Tools.tbx\CalculateField" Date="20230208" Time="120642" Name="" export="">CalculateField Cty_ED_Feb_3_2023 TWD "!TOWN_ID! + "  /" + !WARD_ID! + "/" + !ED_ID!" "Python 3" # Text NO_ENFORCE_DOMAINS</Process><Process ToolSource="c:\program files\arcgis\pro\Resources\ArcToolbox\toolboxes\Data Management Tools.tbx\CalculateField" Date="20230208" Time="120702" Name="" export="">CalculateField Cty_ED_Feb_3_2023 TWD "!TOWN_ID! + "  /" + !WARD_ID! + "/" + !ED_ID!" "Python 3" # Text NO_ENFORCE_DOMAINS</Process><Process ToolSource="c:\program files\arcgis\pro\Resources\ArcToolbox\toolboxes\Data Management Tools.tbx\CalculateField" Date="20230208" Time="120939" Name="" export="">CalculateField Cty_ED_Feb_3_2023 TWD "!TOWN_ID! + "  /" + !WARD_ID! + "/" + !ED_ID!" "Python 3" # Text NO_ENFORCE_DOMAINS</Process><Process ToolSource="c:\program files\arcgis\pro\Resources\ArcToolbox\toolboxes\Data Management Tools.tbx\CalculateField" Date="20230208" Time="122800" Name="" export="">CalculateField Cty_ED_Feb_3_2023 TWD "!TOWN_ID! + "  /" + !WARD_ID! + "/" + !ED_ID!" "Python 3" # Text NO_ENFORCE_DOMAINS</Process><Process ToolSource="c:\program files\arcgis\pro\Resources\ArcToolbox\toolboxes\Data Management Tools.tbx\UpdateSchema" Date="20230208" Time="122914" Name="" export="">UpdateSchema "CIMDATA=&lt;CIMStandardDataConnection xsi:type='typens:CIMStandardDataConnection' xmlns:xsi='http://www.w3.org/2001/XMLSchema-instance' xmlns:xs='http://www.w3.org/2001/XMLSchema' xmlns:typens='http://www.esri.com/schemas/ArcGIS/3.0.0'&gt;&lt;WorkspaceConnectionString&gt;DATABASE=C:\GIS\GIS_Data\District\Election\Current_Election_District_Layers.gdb&lt;/WorkspaceConnectionString&gt;&lt;WorkspaceFactory&gt;FileGDB&lt;/WorkspaceFactory&gt;&lt;Dataset&gt;Cty_ED_Feb_3_2023&lt;/Dataset&gt;&lt;DatasetType&gt;esriDTFeatureClass&lt;/DatasetType&gt;&lt;/CIMStandardDataConnection&gt;" &lt;operationSequence&gt;&lt;workflow&gt;&lt;AlterField&gt;&lt;field_name&gt;TWD&lt;/field_name&gt;&lt;field_type&gt;TEXT&lt;/field_type&gt;&lt;field_length&gt;11&lt;/field_length&gt;&lt;field_is_nullable&gt;True&lt;/field_is_nullable&gt;&lt;clear_field_alias&gt;False&lt;/clear_field_alias&gt;&lt;/AlterField&gt;&lt;/workflow&gt;&lt;/operationSequence&gt;</Process><Process ToolSource="c:\program files\arcgis\pro\Resources\ArcToolbox\toolboxes\Data Management Tools.tbx\CalculateField" Date="20230208" Time="122934" Name="" export="">CalculateField Cty_ED_Feb_3_2023 TWD "!TOWN_ID! + "  /" + !WARD_ID! + "/" + !ED_ID!" "Python 3" # Text NO_ENFORCE_DOMAINS</Process><Process ToolSource="c:\program files\arcgis\pro\Resources\ArcToolbox\toolboxes\Conversion Tools.tbx\ExportFeatures" Date="20230208" Time="162611" Name="" export="">ExportFeatures Cty_ED_Feb_3_2023 C:\GIS\GIS_Data\District\Election\Current_Election_District_Layers.gdb\Cty_ED_Feb_8_2023 # NOT_USE_ALIAS "TOWN "TOWN" true true false 25 Text 0 0,First,#,Cty_ED_Feb_3_2023,TOWN,0,25;ED_NUM "ED_NUM" true true false 16 Text 0 0,First,#,Cty_ED_Feb_3_2023,ED_NUM,0,16;ED_KEY "ED_KEY" true true false 16 Text 0 0,First,#,Cty_ED_Feb_3_2023,ED_KEY,0,16;TOWN_ID "TOWN_ID" true true false 1 Text 0 0,First,#,Cty_ED_Feb_3_2023,TOWN_ID,0,1;WARD_ID "WARD_ID" true true false 3 Text 0 0,First,#,Cty_ED_Feb_3_2023,WARD_ID,0,3;ED_ID "ED_ID" true true false 3 Text 0 0,First,#,Cty_ED_Feb_3_2023,ED_ID,0,3;TWD "TWD" true true false 11 Text 0 0,First,#,Cty_ED_Feb_3_2023,TWD,0,11;Shape_Length "Shape_Length" false true true 8 Double 0 0,First,#,Cty_ED_Feb_3_2023,Shape_Length,-1,-1;Shape_Area "Shape_Area" false true true 8 Double 0 0,First,#,Cty_ED_Feb_3_2023,Shape_Area,-1,-1" #</Process><Process ToolSource="c:\program files\arcgis\pro\Resources\ArcToolbox\toolboxes\Data Management Tools.tbx\CalculateField" Date="20230208" Time="165724" Name="" export="">CalculateField Cty_ED_Feb_8_2023 TWD ""C  /" + !WARD_ID! + "/" + !ED_ID!" "Python 3" # Text NO_ENFORCE_DOMAINS</Process><Process ToolSource="c:\program files\arcgis\pro\Resources\ArcToolbox\toolboxes\Conversion Tools.tbx\ExportFeatures" Date="20231213" Time="145733" Name="" export="">ExportFeatures Cty_ED_Feb_8_2023 D:\GIS_Data\District\Election\Current_Election_District_Layers.gdb\Cty_ED_Jan_1_2024 # NOT_USE_ALIAS "TOWN "TOWN" true true false 25 Text 0 0,First,#,Cty_ED_Feb_8_2023,TOWN,0,25;ED_NUM "ED_NUM" true true false 16 Text 0 0,First,#,Cty_ED_Feb_8_2023,ED_NUM,0,16;ED_KEY "ED_KEY" true true false 16 Text 0 0,First,#,Cty_ED_Feb_8_2023,ED_KEY,0,16;TOWN_ID "TOWN_ID" true true false 1 Text 0 0,First,#,Cty_ED_Feb_8_2023,TOWN_ID,0,1;WARD_ID "WARD_ID" true true false 3 Text 0 0,First,#,Cty_ED_Feb_8_2023,WARD_ID,0,3;ED_ID "ED_ID" true true false 3 Text 0 0,First,#,Cty_ED_Feb_8_2023,ED_ID,0,3;TWD "TWD" true true false 11 Text 0 0,First,#,Cty_ED_Feb_8_2023,TWD,0,11;Shape_Length "Shape_Length" false true true 8 Double 0 0,First,#,Cty_ED_Feb_8_2023,Shape_Length,-1,-1;Shape_Area "Shape_Area" false true true 8 Double 0 0,First,#,Cty_ED_Feb_8_2023,Shape_Area,-1,-1" #</Process><Process ToolSource="c:\program files\arcgis\pro\Resources\ArcToolbox\toolboxes\Conversion Tools.tbx\ExportFeatures" Date="20231214" Time="073027">ExportFeatures Cty_ED_Jan_1_2024 D:\GIS_Data\District\Election\2024\Cty_ED_Jan_1_2024.shp # NOT_USE_ALIAS "TOWN "TOWN" true true false 25 Text 0 0,First,#,Cty_ED_Jan_1_2024,TOWN,0,25;ED_NUM "ED_NUM" true true false 16 Text 0 0,First,#,Cty_ED_Jan_1_2024,ED_NUM,0,16;ED_KEY "ED_KEY" true true false 16 Text 0 0,First,#,Cty_ED_Jan_1_2024,ED_KEY,0,16;TOWN_ID "TOWN_ID" true true false 1 Text 0 0,First,#,Cty_ED_Jan_1_2024,TOWN_ID,0,1;WARD_ID "WARD_ID" true true false 3 Text 0 0,First,#,Cty_ED_Jan_1_2024,WARD_ID,0,3;ED_ID "ED_ID" true true false 3 Text 0 0,First,#,Cty_ED_Jan_1_2024,ED_ID,0,3;TWD "TWD" true true false 11 Text 0 0,First,#,Cty_ED_Jan_1_2024,TWD,0,11;Shape_Length "Shape_Length" false true true 8 Double 0 0,First,#,Cty_ED_Jan_1_2024,Shape_Length,-1,-1;Shape_Area "Shape_Area" false true true 8 Double 0 0,First,#,Cty_ED_Jan_1_2024,Shape_Area,-1,-1" #</Process></lineage></DataProperties><SyncDate>20231214</SyncDate><SyncTime>07302700</SyncTime><ModDate>20231214</ModDate><ModTime>07302700</ModTime><scaleRange><minScale>500000</minScale><maxScale>5000</maxScale></scaleRange><ArcGISProfile>FGDC</ArcGISProfile></Esri><mdLang><languageCode value="eng"/><countryCode value="USA" Sync="TRUE"/></mdLang><mdChar><CharSetCd value="004"/></mdChar><mdHrLv><ScopeCd value="005"/></mdHrLv><mdContact xmlns=""><rpIndName>Scott Lounsbury</rpIndName><rpOrgName>Rockland County Department of Planning.</rpOrgName><rpCntInfo><cntPhone><voiceNum>845-364-3434</voiceNum><faxNum>845-364-3435</faxNum></cntPhone><cntAddress addressType="both"><delPoint>50 Sanatroium Rd., Bldg. T</delPoint><city>Pomona</city><adminArea>NY</adminArea><postCode>10970</postCode><country>US</country></cntAddress><cntHours>9-5</cntHours></rpCntInfo><role><RoleCd value="007"/></role></mdContact><mdStanName>ArcGIS Metadata</mdStanName><mdStanVer>1.0</mdStanVer><distInfo xmlns=""><distributor xmlns=""><distorCont><rpIndName>Douglas J Schuetz</rpIndName><rpOrgName>Rockland County Department of Planning</rpOrgName><rpPosName>GIS Director</rpPosName><rpCntInfo><cntPhone><voiceNum>845-364-3434</voiceNum><faxNum>845-364-3435</faxNum></cntPhone><cntAddress addressType="both"><delPoint>50 Sanatorium Rd., Building T</delPoint><city>Pomona</city><adminArea>NY</adminArea><postCode>10970</postCode><country>US</country><eMailAdd>schuetzd@co.rockland.ny.us</eMailAdd></cntAddress><cntHours>9-5</cntHours></rpCntInfo><role><RoleCd value="005"/></role></distorCont></distributor><distTranOps xmlns=""><onLineSrc><linkage>None available</linkage></onLineSrc><transSize Sync="TRUE">0.000</transSize></distTranOps><distFormat xmlns=""><formatName Sync="TRUE">Shapefile</formatName></distFormat></distInfo><dataIdInfo><idCitation xmlns=""><resTitle Sync="TRUE">Cty_ED_Jan_1_2024</resTitle><date><pubDate>2024-01-01T00:00:00</pubDate><createDate>2023-12-15T00:00:00</createDate></date><citRespParty xmlns=""><rpOrgName>Rockland County Department of Planning - GIS</rpOrgName><role><RoleCd value="007"/></role><rpIndName>Douglas Schuetz</rpIndName><rpPosName>GIS Director</rpPosName><rpCntInfo xmlns=""><cntAddress addressType="both"><delPoint>50 Sanatorium Rd.  Bldg. T</delPoint><city>Pomona</city><adminArea>NY</adminArea><postCode>10970</postCode><eMailAdd>gis.info@co.rockland.ny.us</eMailAdd><country>US</country></cntAddress><cntPhone><voiceNum tddtty="">845-364-3434</voiceNum></cntPhone><cntHours>9-5</cntHours></rpCntInfo></citRespParty><presForm xmlns=""><PresFormCd value="005" Sync="TRUE"/></presForm><citRespParty xmlns=""><rpIndName>Scott Lounsbury</rpIndName><rpOrgName>Rockland County Department of Planning.</rpOrgName><rpCntInfo xmlns=""><cntPhone><voiceNum tddtty="">845-364-3434</voiceNum><faxNum>845-364-3435</faxNum></cntPhone><cntAddress addressType="both"><delPoint>50 Sanatroium Rd., Bldg. T</delPoint><city>Pomona</city><adminArea>NY</adminArea><postCode>10970</postCode><country>US</country></cntAddress><cntHours>9-5</cntHours></rpCntInfo><role><RoleCd value="006"/></role><displayName>Scott Lounsbury</displayName></citRespParty></idCitation><idAbs>&lt;DIV STYLE="text-align:Left;"&gt;&lt;DIV&gt;&lt;DIV&gt;&lt;P&gt;&lt;SPAN&gt;This dataset contains the boundaries of all local election districts within Rockland County.  Election districts were updated based on NYS Assembly Districts published in 2023 for the 2024 election cycle.&lt;/SPAN&gt;&lt;/P&gt;&lt;/DIV&gt;&lt;/DIV&gt;&lt;/DIV&gt;</idAbs><idPurp>This dataset was compiled at a scale of 1:1,200.  The shapefile is intended to assist the Rockland County Board of Elections and for public reference.  </idPurp><idStatus><ProgCd value="001"/></idStatus><idPoC xmlns=""><rpIndName>Douglas J. Schuetz</rpIndName><rpOrgName>Rockland County Planning Department</rpOrgName><rpPosName>GIS Director</rpPosName><rpCntInfo xmlns=""><cntPhone><voiceNum tddtty="">845.364.3434</voiceNum><faxNum>845.364.3435</faxNum></cntPhone><cntAddress addressType="both"><delPoint>Building T</delPoint><delPoint>50 Sanatorium Rd</delPoint><city>Pomona</city><adminArea>NY</adminArea><postCode>10970</postCode><eMailAdd>schuetzd@co.rockland.ny.us</eMailAdd></cntAddress><cntHours>9-5</cntHours></rpCntInfo><role><RoleCd value="007"/></role></idPoC><resMaint xmlns=""><maintFreq><MaintFreqCd value="009"/></maintFreq></resMaint><themeKeys xmlns=""><thesaName xmlns=""><resTitle>Election Districts</resTitle></thesaName><keyword>New York</keyword><keyword>Rockland County</keyword><keyword>Elections</keyword></themeKeys><searchKeys><keyword>New York</keyword><keyword>Rockland County</keyword></searchKeys><aggrInfo xmlns=""><aggrDSName><citRespParty><rpOrgName>Rockland County Department of Planning</rpOrgName><role><RoleCd value="006"/></role></citRespParty></aggrDSName><assocType><AscTypeCd value="001"/></assocType></aggrInfo><dataLang><languageCode value="eng"/><countryCode value="USA" Sync="TRUE"/></dataLang><dataExt xmlns=""><exDesc>ground condition</exDesc><tempEle><TempExtent><exTemp><TM_Instant><tmPosition>2013-06-12</tmPosition></TM_Instant></exTemp></TempExtent></tempEle></dataExt><envirDesc Sync="TRUE">Microsoft Windows 10 Version 10.0 (Build 19044) ; Esri ArcGIS 13.0.0.36056</envirDesc><spatRpType><SpatRepTypCd value="001" Sync="TRUE"/></spatRpType><dataExt xmlns=""><geoEle xmlns=""><GeoBndBox esriExtentType="search"><exTypeCode Sync="TRUE">1</exTypeCode><westBL Sync="TRUE">-74.235006</westBL><eastBL Sync="TRUE">-73.893825</eastBL><northBL Sync="TRUE">41.321776</northBL><southBL Sync="TRUE">40.997040</southBL></GeoBndBox></geoEle></dataExt><idCredit>Rockland County Board of Elections</idCredit><dataChar><CharSetCd value="004"/></dataChar></dataIdInfo><dqInfo xmlns=""><dqScope><scpLvl><ScopeCd value="005"/></scpLvl></dqScope><report type="DQTopConsis" dimension="" xmlns=""><evalMethDesc>These data are believed to be logically consistent, though no tests were performed. Line geometry is topologically clean.</evalMethDesc></report><report type="DQConcConsis" dimension="" xmlns=""><measDesc>These data are believed to be logically consistent, though no tests were performed. Line geometry is topologically clean.</measDesc></report><report type="DQQuanAttAcc" dimension="" xmlns=""><measDesc>All attributes created during the creation process were verified by displaying the lines in both the database and the spatial coverage, but no formal tests were performed.</measDesc></report><report type="DQAbsExtPosAcc" dimension="horizontal" xmlns=""><measDesc>This data were created using Rockland's parcel based GIS system at 1:1200 scale. Therefore, the horizontal accuracy is assumed to be within National Map Accuracy Standards for 100' scale mapping.</measDesc></report><report type="DQAbsExtPosAcc" dimension="vertical" xmlns=""><measDesc>This data were created using Rockland's parcel based GIS system at 1:1200 scale. Therefore, the vertical accuracy is assumed to be within National Map Accuracy Standards for 100' scale mapping.</measDesc></report><dataLineage><prcStep xmlns=""><stepDesc>Election district boundaries were created with the assistance of the Rockland County Board of Elections. Parcel boundaries and road centerlines, along with other physical features were used to deliniate the election district boundaries.</stepDesc><stepDateTm>2011-05-16T00:00:00</stepDateTm><stepProc xmlns=""><rpIndName>Scott Lounsbury</rpIndName><rpOrgName>Rockland County Department of Planning</rpOrgName><rpCntInfo><cntPhone><voiceNum>845-364-3434</voiceNum><faxNum>845-364-3435</faxNum></cntPhone><cntAddress addressType="both"><delPoint>50 Sanatorium Rd., Building T</delPoint><city>Pomona</city><adminArea>NY</adminArea><postCode>10970</postCode><country>US</country></cntAddress><cntHours>9-5</cntHours></rpCntInfo><role><RoleCd value="009"/></role></stepProc></prcStep></dataLineage></dqInfo><eainfo><detailed Name="Cty_ED_Jan_1_2024" xmlns=""><enttyp><enttypl Sync="TRUE">Cty_ED_Jan_1_2024</enttypl><enttypt Sync="TRUE">Feature Class</enttypt><enttypc Sync="TRUE">0</enttypc></enttyp><attr><attrlabl Sync="TRUE">FID</attrlabl><attalias Sync="TRUE">FID</attalias><attrtype Sync="TRUE">OID</attrtype><attwidth Sync="TRUE">4</attwidth><atprecis Sync="TRUE">0</atprecis><attscale Sync="TRUE">0</attscale><attrdef Sync="TRUE">Internal feature number.</attrdef><attrdefs Sync="TRUE">Esri</attrdefs><attrdomv><udom Sync="TRUE">Sequential unique whole numbers that are automatically generated.</udom></attrdomv></attr><attr xmlns=""><attrlabl>TOWN</attrlabl><attrdef>Town</attrdef><attalias Sync="TRUE">TOWN</attalias><attrtype Sync="TRUE">String</attrtype><attwidth Sync="TRUE">25</attwidth><atprecis Sync="TRUE">0</atprecis><attscale Sync="TRUE">0</attscale></attr><attr xmlns=""><attrlabl>Shape_Area</attrlabl><attrdef>Area of feature in internal units squared.</attrdef><attrdefs>Esri</attrdefs><attrdomv><udom>Positive real numbers that are automatically generated.</udom></attrdomv><attalias Sync="TRUE">Shape_Area</attalias><attrtype Sync="TRUE">Double</attrtype><attwidth Sync="TRUE">19</attwidth><atprecis Sync="TRUE">0</atprecis><attscale Sync="TRUE">0</attscale></attr><attr xmlns=""><attrlabl>ED_NUM</attrlabl><attrdef>Election District Number</attrdef><attrdefs>Board of Elections</attrdefs><attalias Sync="TRUE">ED_NUM</attalias><attrtype Sync="TRUE">String</attrtype><attwidth Sync="TRUE">16</attwidth><atprecis Sync="TRUE">0</atprecis><attscale Sync="TRUE">0</attscale></attr><attr xmlns=""><attrlabl>ED_KEY</attrlabl><attrdef>Eleciton Distirct Unique ID</attrdef><attrdefs>Department of Planning</attrdefs><attalias Sync="TRUE">ED_KEY</attalias><attrtype Sync="TRUE">String</attrtype><attwidth Sync="TRUE">16</attwidth><atprecis Sync="TRUE">0</atprecis><attscale Sync="TRUE">0</attscale></attr><attr xmlns=""><attrlabl>Shape</attrlabl><attrdef>Feature geometry.</attrdef><attrdefs>ESRI</attrdefs><attrdomv><udom>Coordinates defining the features.</udom></attrdomv><attalias Sync="TRUE">Shape</attalias><attrtype Sync="TRUE">Geometry</attrtype><attwidth Sync="TRUE">0</attwidth><atprecis Sync="TRUE">0</atprecis><attscale Sync="TRUE">0</attscale></attr><attr xmlns=""><attrlabl Sync="TRUE">WARD_ID</attrlabl><attalias Sync="TRUE">WARD_ID</attalias><attrtype Sync="TRUE">String</attrtype><attwidth Sync="TRUE">3</attwidth><atprecis Sync="TRUE">0</atprecis><attscale Sync="TRUE">0</attscale></attr><attr xmlns=""><attrlabl Sync="TRUE">TOWN_ID</attrlabl><attalias Sync="TRUE">TOWN_ID</attalias><attrtype Sync="TRUE">String</attrtype><attwidth Sync="TRUE">1</attwidth><atprecis Sync="TRUE">0</atprecis><attscale Sync="TRUE">0</attscale></attr><attr xmlns=""><attrlabl Sync="TRUE">TWD</attrlabl><attalias Sync="TRUE">TWD</attalias><attrtype Sync="TRUE">String</attrtype><attwidth Sync="TRUE">11</attwidth><atprecis Sync="TRUE">0</atprecis><attscale Sync="TRUE">0</attscale></attr><attr><attrlabl Sync="TRUE">Shape_Leng</attrlabl><attalias Sync="TRUE">Shape_Leng</attalias><attrtype Sync="TRUE">Double</attrtype><attwidth Sync="TRUE">19</attwidth><atprecis Sync="TRUE">0</atprecis><attscale Sync="TRUE">0</attscale></attr><attr xmlns=""><attrlabl Sync="TRUE">ED_ID</attrlabl><attalias Sync="TRUE">ED_ID</attalias><attrtype Sync="TRUE">String</attrtype><attwidth Sync="TRUE">3</attwidth><atprecis Sync="TRUE">0</atprecis><attscale Sync="TRUE">0</attscale></attr></detailed></eainfo><mdHrLvName Sync="TRUE">dataset</mdHrLvName><refSysInfo><RefSystem><refSysID><identCode code="2260" Sync="TRUE"/><idCodeSpace Sync="TRUE">EPSG</idCodeSpace><idVersion Sync="TRUE">5.3(9.0.0)</idVersion></refSysID></RefSystem></refSysInfo><spatRepInfo><VectSpatRep><geometObjs Name="Cty_ED_Jan_1_2024"><geoObjTyp><GeoObjTypCd value="002" Sync="TRUE"></GeoObjTypCd></geoObjTyp><geoObjCnt Sync="TRUE">0</geoObjCnt></geometObjs><topLvl><TopoLevCd value="001" Sync="TRUE"></TopoLevCd></topLvl></VectSpatRep></spatRepInfo><spdoinfo><ptvctinf><esriterm Name="Cty_ED_Jan_1_2024"><efeatyp Sync="TRUE">Simple</efeatyp><efeageom code="4" Sync="TRUE"></efeageom><esritopo Sync="TRUE">FALSE</esritopo><efeacnt Sync="TRUE">0</efeacnt><spindex Sync="TRUE">FALSE</spindex><linrefer Sync="TRUE">FALSE</linrefer></esriterm></ptvctinf></spdoinfo><mdDateSt Sync="FALSE">20231215</mdDateSt><mdMaint xmlns=""><maintFreq><MaintFreqCd value="009"/></maintFreq></mdMaint></metadata>
