<?xml version="1.0" encoding="UTF-8"?>
<metadata>
	<idinfo>
		<citation>
			<citeinfo>
				<origin>Rockland County Department of Planning - GIS</origin>
				<pubdate>20130701</pubdate>
				<title>Cty_ED_June_12_2013</title>
				<geoform Sync="TRUE">vector digital data</geoform>
				<onlink>None available</onlink>
				<ftname Sync="TRUE">Cty_ED_May_16_2011</ftname></citeinfo>
		</citation>
		<descript>
			<abstract>This dataset contains the boundaries of all local election districts within Rockland County.</abstract>
			<purpose>This dataset was compiled at a scale of 1:1,200. The shapefile is intended to assist the Rockland County Board of Elections and for public reference.</purpose>
			<langdata Sync="TRUE">en</langdata></descript>
		<timeperd>
			<timeinfo>
				<sngdate>
					<caldate>20130612</caldate>
				</sngdate>
			</timeinfo>
			<current>ground condition</current>
		</timeperd>
		<status>
			<progress>Complete</progress>
			<update>As needed</update>
		</status>
		<spdom>
			<bounding>
				<westbc Sync="TRUE">-74.235006</westbc>
				<eastbc Sync="TRUE">-73.893825</eastbc>
				<northbc Sync="TRUE">41.321776</northbc>
				<southbc Sync="TRUE">40.997040</southbc>
			</bounding>
			<lboundng><leftbc Sync="TRUE">565266.923119</leftbc><rightbc Sync="TRUE">658620.374863</rightbc><bottombc Sync="TRUE">788692.999937</bottombc><topbc Sync="TRUE">906538.968313</topbc></lboundng></spdom>
		<keywords>
			<theme>
				<themekt>Election Districts</themekt>
				<themekey>Rockland County</themekey>
				<themekey>New York</themekey>
			</theme>
		</keywords>
		<accconst>None</accconst>
		<useconst>None</useconst>
		<ptcontac>
			<cntinfo>
				<cntperp>
					<cntper>Douglas J. Schuetz</cntper>
					<cntorg>Rockland County Planning Department</cntorg>
				</cntperp>
				<cntpos>GIS Director</cntpos>
				<cntaddr>
					<addrtype>mailing and physical address</addrtype>
					<address>50 Sanatorium Rd</address>
					<address>Building T</address>
					<city>Pomona</city>
					<state>NY</state>
					<postal>10970</postal>
				</cntaddr>
				<cntvoice>845.364.3434</cntvoice>
				<cntfax>845.364.3435</cntfax>
				<cntemail>schuetzd@co.rockland.ny.us</cntemail>
				<hours>9-5</hours>
			</cntinfo>
		</ptcontac>
		<native Sync="TRUE">Microsoft Windows XP Version 5.1 (Build 2600) Service Pack 3; ESRI ArcCatalog 9.3.1.3500</native>
		<crossref>
			<citeinfo>
				<origin>Rockland County Department of Planning</origin>
			</citeinfo>
		</crossref>
		<natvform Sync="TRUE">Shapefile</natvform></idinfo>
	<dataqual>
		<attracc>
			<attraccr>All attributes created during the creation process were verified by displaying the lines in both the database and the spatial coverage, but no formal tests were performed.</attraccr>
		</attracc>
		<logic>These data are believed to be logically consistent, though no tests were performed. Line geometry is topologically clean.</logic>
		<posacc>
			<horizpa>
				<horizpar>This data were created using Rockland's parcel based GIS system at 1:1200 scale.  Therefore, the horizontal accuracy is assumed to be within National Map Accuracy Standards for 100' scale mapping.</horizpar>
			</horizpa>
			<vertacc>
				<vertaccr>This data were created using Rockland's parcel based GIS system at 1:1200 scale.  Therefore, the vertical accuracy is assumed to be within National Map Accuracy Standards for 100' scale mapping.</vertaccr>
			</vertacc>
		</posacc>
		<lineage>
			<srcinfo>
				<srccite>
					<citeinfo>
						<origin>Rockland County Department of Planning</origin>
					</citeinfo>
				</srccite>
			</srcinfo>
			<procstep>
				<procdesc>Election district boundaries were created with the assistance of the Rockland County Board of Elections.  Parcel boundaries and road centerlines, along with other physical features were used to deliniate the election district boundaries.</procdesc>
				<procdate>20110516</procdate>
				<proccont>
					<cntinfo>
						<cntperp>
							<cntper>Scott Lounsbury</cntper>
							<cntorg>Rockland County Department of Planning</cntorg>
						</cntperp>
						<cntaddr>
							<addrtype>mailing and physical address</addrtype>
							<address>50 Sanatorium Rd., Building T</address>
							<city>Pomona</city>
							<state>NY</state>
							<postal>10970</postal>
							<country>USA</country>
						</cntaddr>
						<cntvoice>845-364-3434</cntvoice>
						<cntfax>845-364-3435</cntfax>
						<hours>9-5</hours>
					</cntinfo>
				</proccont>
			</procstep>
		</lineage>
	</dataqual>
	<spdoinfo>
		<direct Sync="TRUE">Vector</direct>
		<ptvctinf><esriterm Name="Cty_ED_May_16_2011"><efeatyp Sync="TRUE">Simple</efeatyp><efeageom Sync="TRUE">Polygon</efeageom><esritopo Sync="TRUE">FALSE</esritopo><efeacnt Sync="TRUE">264</efeacnt><spindex Sync="TRUE">FALSE</spindex><linrefer Sync="TRUE">FALSE</linrefer></esriterm><sdtsterm Name="Cty_ED_May_16_2011"><sdtstype Sync="TRUE">G-polygon</sdtstype><ptvctcnt Sync="TRUE">264</ptvctcnt></sdtsterm></ptvctinf></spdoinfo>
	<spref>
		<horizsys>
			<planar>
				<planci>
					<plance Sync="TRUE">coordinate pair</plance>
					<coordrep>
						<absres Sync="TRUE">0.000000</absres>
						<ordres Sync="TRUE">0.000000</ordres>
					</coordrep>
					<plandu Sync="TRUE">survey feet</plandu>
				</planci>
				<mapproj><mapprojn Sync="TRUE">Transverse Mercator</mapprojn><transmer><sfctrmer Sync="TRUE">0.999900</sfctrmer><longcm Sync="TRUE">-74.500000</longcm><latprjo Sync="TRUE">38.833333</latprjo><feast Sync="TRUE">492125.000000</feast><fnorth Sync="TRUE">0.000000</fnorth></transmer></mapproj></planar>
			<geodetic>
				<horizdn Sync="TRUE">North American Datum of 1983</horizdn>
				<ellips Sync="TRUE">Geodetic Reference System 80</ellips>
				<semiaxis Sync="TRUE">6378137.000000</semiaxis>
				<denflat Sync="TRUE">298.257222</denflat>
			</geodetic>
			<cordsysn><geogcsn Sync="TRUE">GCS_North_American_1983</geogcsn><projcsn Sync="TRUE">NAD_1983_StatePlane_New_York_East_FIPS_3101_Feet</projcsn></cordsysn></horizsys>
	</spref>
	<eainfo>
		<detailed Name="Cty_ED_May_16_2011">
			<enttyp>
				<enttypl Sync="TRUE">Cty_ED_May_16_2011</enttypl>
				<enttypt Sync="TRUE">Feature Class</enttypt><enttypc Sync="TRUE">264</enttypc></enttyp>
			<attr>
				<attrlabl>FID</attrlabl>
				<attrdef>Internal feature number.</attrdef>
				<attrdefs>ESRI</attrdefs>
				<attrdomv>
					<udom>Sequential unique whole numbers that are automatically generated.</udom>
				</attrdomv>
				<attalias Sync="TRUE">FID</attalias><attrtype Sync="TRUE">OID</attrtype><attwidth Sync="TRUE">4</attwidth><atprecis Sync="TRUE">0</atprecis><attscale Sync="TRUE">0</attscale></attr>
			<attr>
				<attrlabl>Shape</attrlabl>
				<attrdef>Feature geometry.</attrdef>
				<attrdefs>ESRI</attrdefs>
				<attrdomv>
					<udom>Coordinates defining the features.</udom>
				</attrdomv>
				<attalias Sync="TRUE">Shape</attalias><attrtype Sync="TRUE">Geometry</attrtype><attwidth Sync="TRUE">0</attwidth><atprecis Sync="TRUE">0</atprecis><attscale Sync="TRUE">0</attscale></attr>
			<attr>
				<attrlabl Sync="TRUE">TOWN</attrlabl>
				<attalias Sync="TRUE">TOWN</attalias><attrtype Sync="TRUE">String</attrtype><attwidth Sync="TRUE">16</attwidth><attrdef>Town</attrdef></attr>
			<attr>
				<attrlabl Sync="TRUE">ED_NUM</attrlabl>
				<attrdef>Election District Number</attrdef>
				<attrdefs>Board of Elections</attrdefs>
				<attalias Sync="TRUE">ED_NUM</attalias><attrtype Sync="TRUE">String</attrtype><attwidth Sync="TRUE">16</attwidth></attr>
			<attr>
				<attrlabl Sync="TRUE">ED_KEY</attrlabl>
				<attrdef>Eleciton Distirct Unique ID</attrdef>
				<attrdefs>Department of Planning</attrdefs>
				<attalias Sync="TRUE">ED_KEY</attalias><attrtype Sync="TRUE">String</attrtype><attwidth Sync="TRUE">16</attwidth></attr>
			<attr><attrlabl Sync="TRUE">POLL_SITE</attrlabl><attalias Sync="TRUE">POLL_SITE</attalias><attrtype Sync="TRUE">String</attrtype><attwidth Sync="TRUE">50</attwidth></attr><attr><attrlabl Sync="TRUE">POLL_ADD</attrlabl><attalias Sync="TRUE">POLL_ADD</attalias><attrtype Sync="TRUE">String</attrtype><attwidth Sync="TRUE">50</attwidth></attr><attr><attrlabl Sync="TRUE">ZIP</attrlabl><attalias Sync="TRUE">ZIP</attalias><attrtype Sync="TRUE">String</attrtype><attwidth Sync="TRUE">5</attwidth></attr></detailed>
		<overview></overview>
	</eainfo>
	<distinfo>
		<distrib>
			<cntinfo>
				<cntperp>
					<cntper>Douglas J Schuetz</cntper>
					<cntorg>Rockland County Department of Planning</cntorg>
				</cntperp>
				<cntpos>GIS Director</cntpos>
				<cntaddr>
					<addrtype>mailing and physical address</addrtype>
					<address>50 Sanatorium Rd., Building T</address>
					<city>Pomona</city>
					<state>NY</state>
					<postal>10970</postal>
					<country>USA</country>
				</cntaddr>
				<cntvoice>845-364-3434</cntvoice>
				<cntfax>845-364-3435</cntfax>
				<cntemail>schuetzd@co.rockland.ny.us</cntemail>
				<hours>9-5</hours>
			</cntinfo>
		</distrib>
		<resdesc Sync="TRUE">Downloadable Data</resdesc>
		<stdorder>
			<digform>
				<digtinfo>
					<transize>0.752</transize>
					<dssize Sync="TRUE">2.667</dssize></digtinfo>
			</digform>
		</stdorder>
	</distinfo>
	<metainfo>
		<metd Sync="TRUE">20110711</metd>
		<metc>
			<cntinfo>
				<cntorgp>
					<cntorg>Rockland County Department of Planning.</cntorg>
					<cntper>Scott Lounsbury</cntper>
				</cntorgp>
				<cntaddr>
					<addrtype>mailing and physical address</addrtype>
					<address>50 Sanatroium Rd., Bldg. T</address>
					<city>Pomona</city>
					<state>NY</state>
					<postal>10970</postal>
					<country>USA</country>
				</cntaddr>
				<cntvoice>845-364-3434</cntvoice>
				<cntfax>845-364-3435</cntfax>
				<hours>9-5</hours>
			</cntinfo>
		</metc>
		<metstdn Sync="TRUE">FGDC Content Standards for Digital Geospatial Metadata</metstdn>
		<metstdv Sync="TRUE">FGDC-STD-001-1998</metstdv>
		<mettc Sync="TRUE">local time</mettc>
		<metextns>
			<onlink>http://www.esri.com/metadata/esriprof80.html</onlink>
			<metprof>ESRI Metadata Profile</metprof>
		</metextns>
		<metextns>
			<onlink>http://www.esri.com/metadata/esriprof80.html</onlink>
			<metprof>ESRI Metadata Profile</metprof>
		</metextns>
		<metextns>
			<onlink>http://www.esri.com/metadata/esriprof80.html</onlink>
			<metprof>ESRI Metadata Profile</metprof>
		</metextns>
		<metextns>
			<onlink>http://www.esri.com/metadata/esriprof80.html</onlink>
			<metprof>ESRI Metadata Profile</metprof>
		</metextns>
		<langmeta Sync="TRUE">en</langmeta><metextns><onlink Sync="TRUE">http://www.esri.com/metadata/esriprof80.html</onlink><metprof Sync="TRUE">ESRI Metadata Profile</metprof></metextns></metainfo>
	<Esri><CreaDate>20160314</CreaDate><CreaTime>13080700</CreaTime><SyncOnce>FALSE</SyncOnce><SyncDate>20110711</SyncDate><SyncTime>10522200</SyncTime><ModDate>20110711</ModDate><ModTime>10522200</ModTime><DataProperties><lineage><Process ToolSource="C:\Program Files (x86)\ArcGIS\Desktop10.0\ArcToolbox\Toolboxes\Data Management Tools.tbx\CalculateField" Date="20110606" Time="085155">CalculateField Cty_ED_MAY_16_2011 POLL_SITE "Bardonia Elementary School" VB #</Process><Process ToolSource="C:\Program Files (x86)\ArcGIS\Desktop10.0\ArcToolbox\Toolboxes\Data Management Tools.tbx\CalculateField" Date="20110606" Time="085211">CalculateField Cty_ED_MAY_16_2011 POLL_ADD "31 Bardonia Road" VB #</Process><Process ToolSource="C:\Program Files (x86)\ArcGIS\Desktop10.0\ArcToolbox\Toolboxes\Data Management Tools.tbx\CalculateField" Date="20110606" Time="085235">CalculateField Cty_ED_MAY_16_2011 POLL_SITE "Monterey Senior Citizen Housing" VB #</Process><Process ToolSource="C:\Program Files (x86)\ArcGIS\Desktop10.0\ArcToolbox\Toolboxes\Data Management Tools.tbx\CalculateField" Date="20110606" Time="085256">CalculateField Cty_ED_MAY_16_2011 POLL_ADD "1 Monterey Gardens" VB #</Process><Process ToolSource="C:\Program Files (x86)\ArcGIS\Desktop10.0\ArcToolbox\Toolboxes\Data Management Tools.tbx\CalculateField" Date="20110606" Time="085322">CalculateField Cty_ED_MAY_16_2011 POLL_SITE "Nyack Housing Authority" VB #</Process><Process ToolSource="C:\Program Files (x86)\ArcGIS\Desktop10.0\ArcToolbox\Toolboxes\Data Management Tools.tbx\CalculateField" Date="20110606" Time="085339">CalculateField Cty_ED_MAY_16_2011 POLL_ADD "15 Highview Court &amp; Waldron Terrace" VB #</Process><Process ToolSource="C:\Program Files (x86)\ArcGIS\Desktop10.0\ArcToolbox\Toolboxes\Data Management Tools.tbx\CalculateField" Date="20110606" Time="085411">CalculateField Cty_ED_MAY_16_2011 POLL_SITE "Hilltop Administration" VB #</Process><Process ToolSource="C:\Program Files (x86)\ArcGIS\Desktop10.0\ArcToolbox\Toolboxes\Data Management Tools.tbx\CalculateField" Date="20110606" Time="085434">CalculateField Cty_ED_MAY_16_2011 POLL_ADD "13A Dickinson Avenue" VB #</Process><Process ToolSource="C:\Program Files (x86)\ArcGIS\Desktop10.0\ArcToolbox\Toolboxes\Data Management Tools.tbx\CalculateField" Date="20110606" Time="085503">CalculateField Cty_ED_MAY_16_2011 POLL_SITE "West Nyack Elementary School" VB #</Process><Process ToolSource="C:\Program Files (x86)\ArcGIS\Desktop10.0\ArcToolbox\Toolboxes\Data Management Tools.tbx\CalculateField" Date="20110606" Time="085517">CalculateField Cty_ED_MAY_16_2011 POLL_ADD "661 West Nyack Road" VB #</Process><Process ToolSource="C:\Program Files (x86)\ArcGIS\Desktop10.0\ArcToolbox\Toolboxes\Data Management Tools.tbx\CalculateField" Date="20110606" Time="085553">CalculateField Cty_ED_MAY_16_2011 POLL_SITE "Birchwood Elementary School (Rise West)" VB #</Process><Process ToolSource="C:\Program Files (x86)\ArcGIS\Desktop10.0\ArcToolbox\Toolboxes\Data Management Tools.tbx\CalculateField" Date="20110606" Time="085606">CalculateField Cty_ED_MAY_16_2011 POLL_ADD "214 Sickletown Road" VB #</Process><Process ToolSource="C:\Program Files (x86)\ArcGIS\Desktop10.0\ArcToolbox\Toolboxes\Data Management Tools.tbx\CalculateField" Date="20110606" Time="085644">CalculateField Cty_ED_MAY_16_2011 POLL_SITE "St. Francis of Assisi" VB #</Process><Process ToolSource="C:\Program Files (x86)\ArcGIS\Desktop10.0\ArcToolbox\Toolboxes\Data Management Tools.tbx\CalculateField" Date="20110606" Time="085658">CalculateField Cty_ED_MAY_16_2011 POLL_ADD "128 Parrott Rd" VB #</Process><Process ToolSource="C:\Program Files (x86)\ArcGIS\Desktop10.0\ArcToolbox\Toolboxes\Data Management Tools.tbx\CalculateField" Date="20110606" Time="085726">CalculateField Cty_ED_MAY_16_2011 POLL_SITE "Veteran’s Memorial Bldg" VB #</Process><Process ToolSource="C:\Program Files (x86)\ArcGIS\Desktop10.0\ArcToolbox\Toolboxes\Data Management Tools.tbx\CalculateField" Date="20110606" Time="085740">CalculateField Cty_ED_MAY_16_2011 POLL_ADD "66 Lake Road" VB #</Process><Process ToolSource="C:\Program Files (x86)\ArcGIS\Desktop10.0\ArcToolbox\Toolboxes\Data Management Tools.tbx\CalculateField" Date="20110606" Time="085822">CalculateField Cty_ED_MAY_16_2011 POLL_SITE "Nanuet Senior High School" VB #</Process><Process ToolSource="C:\Program Files (x86)\ArcGIS\Desktop10.0\ArcToolbox\Toolboxes\Data Management Tools.tbx\CalculateField" Date="20110606" Time="085833">CalculateField Cty_ED_MAY_16_2011 POLL_ADD "103 Church Street" VB #</Process><Process ToolSource="C:\Program Files (x86)\ArcGIS\Desktop10.0\ArcToolbox\Toolboxes\Data Management Tools.tbx\CalculateField" Date="20110606" Time="085918">CalculateField Cty_ED_MAY_16_2011 POLL_SITE "Pascack Community Ctr" VB #</Process><Process ToolSource="C:\Program Files (x86)\ArcGIS\Desktop10.0\ArcToolbox\Toolboxes\Data Management Tools.tbx\CalculateField" Date="20110606" Time="085931">CalculateField Cty_ED_MAY_16_2011 POLL_ADD "87 New Clarkstown Road" VB #</Process><Process ToolSource="C:\Program Files (x86)\ArcGIS\Desktop10.0\ArcToolbox\Toolboxes\Data Management Tools.tbx\CalculateField" Date="20110606" Time="085953">CalculateField Cty_ED_MAY_16_2011 POLL_SITE "Nanuet Library" VB #</Process><Process ToolSource="C:\Program Files (x86)\ArcGIS\Desktop10.0\ArcToolbox\Toolboxes\Data Management Tools.tbx\CalculateField" Date="20110606" Time="090005">CalculateField Cty_ED_MAY_16_2011 POLL_ADD "149 Church Street" VB #</Process><Process ToolSource="C:\Program Files (x86)\ArcGIS\Desktop10.0\ArcToolbox\Toolboxes\Data Management Tools.tbx\CalculateField" Date="20110606" Time="090021">CalculateField Cty_ED_MAY_16_2011 POLL_SITE "Middlewood Senior Citizen Housing" VB #</Process><Process ToolSource="C:\Program Files (x86)\ArcGIS\Desktop10.0\ArcToolbox\Toolboxes\Data Management Tools.tbx\CalculateField" Date="20110606" Time="090037">CalculateField Cty_ED_MAY_16_2011 POLL_ADD "80 N Middletown Road" VB #</Process><Process ToolSource="C:\Program Files (x86)\ArcGIS\Desktop10.0\ArcToolbox\Toolboxes\Data Management Tools.tbx\CalculateField" Date="20110606" Time="090106">CalculateField Cty_ED_MAY_16_2011 POLL_SITE "New City Library" VB #</Process><Process ToolSource="C:\Program Files (x86)\ArcGIS\Desktop10.0\ArcToolbox\Toolboxes\Data Management Tools.tbx\CalculateField" Date="20110606" Time="090122">CalculateField Cty_ED_MAY_16_2011 POLL_ADD "220 North Main Street" VB #</Process><Process ToolSource="C:\Program Files (x86)\ArcGIS\Desktop10.0\ArcToolbox\Toolboxes\Data Management Tools.tbx\CalculateField" Date="20110606" Time="090155">CalculateField Cty_ED_MAY_16_2011 POLL_SITE "Street Community Center" VB #</Process><Process ToolSource="C:\Program Files (x86)\ArcGIS\Desktop10.0\ArcToolbox\Toolboxes\Data Management Tools.tbx\CalculateField" Date="20110606" Time="090206">CalculateField Cty_ED_MAY_16_2011 POLL_ADD "31 Zukor Road" VB #</Process><Process ToolSource="C:\Program Files (x86)\ArcGIS\Desktop10.0\ArcToolbox\Toolboxes\Data Management Tools.tbx\CalculateField" Date="20110606" Time="090236">CalculateField Cty_ED_MAY_16_2011 POLL_SITE "Park Evangelical Free Church" VB #</Process><Process ToolSource="C:\Program Files (x86)\ArcGIS\Desktop10.0\ArcToolbox\Toolboxes\Data Management Tools.tbx\CalculateField" Date="20110606" Time="090253">CalculateField Cty_ED_MAY_16_2011 POLL_ADD "4 Roosevelt Place &amp; Little Tor Road" VB #</Process><Process ToolSource="C:\Program Files (x86)\ArcGIS\Desktop10.0\ArcToolbox\Toolboxes\Data Management Tools.tbx\CalculateField" Date="20110606" Time="090335">CalculateField Cty_ED_MAY_16_2011 POLL_SITE "St Augustine School" VB #</Process><Process ToolSource="C:\Program Files (x86)\ArcGIS\Desktop10.0\ArcToolbox\Toolboxes\Data Management Tools.tbx\CalculateField" Date="20110606" Time="090355">CalculateField Cty_ED_MAY_16_2011 POLL_ADD "114 S Main Street" VB #</Process><Process ToolSource="C:\Program Files (x86)\ArcGIS\Desktop10.0\ArcToolbox\Toolboxes\Data Management Tools.tbx\CalculateField" Date="20110606" Time="090423">CalculateField Cty_ED_MAY_16_2011 POLL_SITE "Link Elementary School" VB #</Process><Process ToolSource="C:\Program Files (x86)\ArcGIS\Desktop10.0\ArcToolbox\Toolboxes\Data Management Tools.tbx\CalculateField" Date="20110606" Time="090435">CalculateField Cty_ED_MAY_16_2011 POLL_ADD "51 Red Hill Road" VB #</Process><Process ToolSource="C:\Program Files (x86)\ArcGIS\Desktop10.0\ArcToolbox\Toolboxes\Data Management Tools.tbx\CalculateField" Date="20110606" Time="090503">CalculateField Cty_ED_MAY_16_2011 POLL_SITE "Little Tor Elementary School" VB #</Process><Process ToolSource="C:\Program Files (x86)\ArcGIS\Desktop10.0\ArcToolbox\Toolboxes\Data Management Tools.tbx\CalculateField" Date="20110606" Time="090515">CalculateField Cty_ED_MAY_16_2011 POLL_ADD "56 Gregory Street" VB #</Process><Process ToolSource="C:\Program Files (x86)\ArcGIS\Desktop10.0\ArcToolbox\Toolboxes\Data Management Tools.tbx\CalculateField" Date="20110606" Time="090551">CalculateField Cty_ED_MAY_16_2011 POLL_SITE "St John’s Episcopal Church" VB #</Process><Process ToolSource="C:\Program Files (x86)\ArcGIS\Desktop10.0\ArcToolbox\Toolboxes\Data Management Tools.tbx\CalculateField" Date="20110606" Time="090606">CalculateField Cty_ED_MAY_16_2011 POLL_ADD "365 Strawtown Road" VB #</Process><Process ToolSource="C:\Program Files (x86)\ArcGIS\Desktop10.0\ArcToolbox\Toolboxes\Data Management Tools.tbx\CalculateField" Date="20110606" Time="090640">CalculateField Cty_ED_MAY_16_2011 POLL_SITE "Woodglen Elementary School" VB #</Process><Process ToolSource="C:\Program Files (x86)\ArcGIS\Desktop10.0\ArcToolbox\Toolboxes\Data Management Tools.tbx\CalculateField" Date="20110606" Time="090655">CalculateField Cty_ED_MAY_16_2011 POLL_ADD "121 Phillips Hill Road" VB #</Process><Process ToolSource="C:\Program Files (x86)\ArcGIS\Desktop10.0\ArcToolbox\Toolboxes\Data Management Tools.tbx\CalculateField" Date="20110606" Time="090725">CalculateField Cty_ED_MAY_16_2011 POLL_SITE "Martin Luther King Center" VB #</Process><Process ToolSource="C:\Program Files (x86)\ArcGIS\Desktop10.0\ArcToolbox\Toolboxes\Data Management Tools.tbx\CalculateField" Date="20110606" Time="090738">CalculateField Cty_ED_MAY_16_2011 POLL_ADD "110 Bethune Blvd" VB #</Process><Process ToolSource="C:\Program Files (x86)\ArcGIS\Desktop10.0\ArcToolbox\Toolboxes\Data Management Tools.tbx\CalculateField" Date="20110606" Time="090812">CalculateField Cty_ED_MAY_16_2011 POLL_SITE "Upper Nyack Elementary School" VB #</Process><Process ToolSource="C:\Program Files (x86)\ArcGIS\Desktop10.0\ArcToolbox\Toolboxes\Data Management Tools.tbx\CalculateField" Date="20110606" Time="090824">CalculateField Cty_ED_MAY_16_2011 POLL_ADD "336 North Broadway" VB #</Process><Process ToolSource="C:\Program Files (x86)\ArcGIS\Desktop10.0\ArcToolbox\Toolboxes\Data Management Tools.tbx\CalculateField" Date="20110606" Time="090853">CalculateField Cty_ED_MAY_16_2011 POLL_SITE "Valley Cottage Elementary School" VB #</Process><Process ToolSource="C:\Program Files (x86)\ArcGIS\Desktop10.0\ArcToolbox\Toolboxes\Data Management Tools.tbx\CalculateField" Date="20110606" Time="090908">CalculateField Cty_ED_MAY_16_2011 POLL_ADD "26 Lake Road" VB #</Process><Process ToolSource="C:\Program Files (x86)\ArcGIS\Desktop10.0\ArcToolbox\Toolboxes\Data Management Tools.tbx\CalculateField" Date="20110606" Time="090929">CalculateField Cty_ED_MAY_16_2011 POLL_SITE "Liberty Elementary School" VB #</Process><Process ToolSource="C:\Program Files (x86)\ArcGIS\Desktop10.0\ArcToolbox\Toolboxes\Data Management Tools.tbx\CalculateField" Date="20110606" Time="090943">CalculateField Cty_ED_MAY_16_2011 POLL_ADD "142 Lake Road" VB #</Process><Process ToolSource="C:\Program Files (x86)\ArcGIS\Desktop10.0\ArcToolbox\Toolboxes\Data Management Tools.tbx\CalculateField" Date="20110606" Time="091034">CalculateField Cty_ED_MAY_16_2011 POLL_SITE "St Paul School" VB #</Process><Process ToolSource="C:\Program Files (x86)\ArcGIS\Desktop10.0\ArcToolbox\Toolboxes\Data Management Tools.tbx\CalculateField" Date="20110606" Time="091045">CalculateField Cty_ED_MAY_16_2011 POLL_ADD "365 Kings Highway" VB #</Process><Process ToolSource="C:\Program Files (x86)\ArcGIS\Desktop10.0\ArcToolbox\Toolboxes\Data Management Tools.tbx\CalculateField" Date="20110606" Time="091106">CalculateField Cty_ED_MAY_16_2011 POLL_SITE "Mountainview Clubhouse" VB #</Process><Process ToolSource="C:\Program Files (x86)\ArcGIS\Desktop10.0\ArcToolbox\Toolboxes\Data Management Tools.tbx\CalculateField" Date="20110606" Time="091118">CalculateField Cty_ED_MAY_16_2011 POLL_ADD "36A Sierra Vista Lane" VB #</Process><Process ToolSource="C:\Program Files (x86)\ArcGIS\Desktop10.0\ArcToolbox\Toolboxes\Data Management Tools.tbx\CalculateField" Date="20110606" Time="091233">CalculateField Cty_ED_MAY_16_2011 ZIP "10954" VB #</Process><Process ToolSource="C:\Program Files (x86)\ArcGIS\Desktop10.0\ArcToolbox\Toolboxes\Data Management Tools.tbx\CalculateField" Date="20110606" Time="091312">CalculateField Cty_ED_MAY_16_2011 ZIP "10960" VB #</Process><Process ToolSource="C:\Program Files (x86)\ArcGIS\Desktop10.0\ArcToolbox\Toolboxes\Data Management Tools.tbx\CalculateField" Date="20110606" Time="091400">CalculateField Cty_ED_MAY_16_2011 ZIP "10994" VB #</Process><Process ToolSource="C:\Program Files (x86)\ArcGIS\Desktop10.0\ArcToolbox\Toolboxes\Data Management Tools.tbx\CalculateField" Date="20110606" Time="091438">CalculateField Cty_ED_MAY_16_2011 ZIP "10920" VB #</Process><Process ToolSource="C:\Program Files (x86)\ArcGIS\Desktop10.0\ArcToolbox\Toolboxes\Data Management Tools.tbx\CalculateField" Date="20110606" Time="091513">CalculateField Cty_ED_MAY_16_2011 POLL_ADD "15 Highview Court" VB #</Process><Process ToolSource="C:\Program Files (x86)\ArcGIS\Desktop10.0\ArcToolbox\Toolboxes\Data Management Tools.tbx\CalculateField" Date="20110606" Time="091718">CalculateField Cty_ED_MAY_16_2011 ZIP "10954" VB #</Process><Process ToolSource="C:\Program Files (x86)\ArcGIS\Desktop10.0\ArcToolbox\Toolboxes\Data Management Tools.tbx\CalculateField" Date="20110606" Time="092053">CalculateField Cty_ED_MAY_16_2011 ZIP "10956" VB #</Process><Process ToolSource="C:\Program Files (x86)\ArcGIS\Desktop10.0\ArcToolbox\Toolboxes\Data Management Tools.tbx\CalculateField" Date="20110606" Time="092110">CalculateField Cty_ED_MAY_16_2011 ZIP "10977" VB #</Process><Process ToolSource="C:\Program Files (x86)\ArcGIS\Desktop10.0\ArcToolbox\Toolboxes\Data Management Tools.tbx\CalculateField" Date="20110606" Time="092138">CalculateField Cty_ED_MAY_16_2011 ZIP "10960" VB #</Process><Process ToolSource="C:\Program Files (x86)\ArcGIS\Desktop10.0\ArcToolbox\Toolboxes\Data Management Tools.tbx\CalculateField" Date="20110606" Time="092341">CalculateField Cty_ED_MAY_16_2011 ZIP "10989" VB #</Process><Process ToolSource="C:\Program Files (x86)\ArcGIS\Desktop10.0\ArcToolbox\Toolboxes\Data Management Tools.tbx\CalculateField" Date="20110606" Time="092352">CalculateField Cty_ED_MAY_16_2011 ZIP "10960" VB #</Process><Process ToolSource="C:\Program Files (x86)\ArcGIS\Desktop10.0\ArcToolbox\Toolboxes\Data Management Tools.tbx\CalculateField" Date="20110606" Time="092427">CalculateField Cty_ED_MAY_16_2011 POLL_ADD "4 Roosevelt Place" VB #</Process><Process ToolSource="C:\Program Files (x86)\ArcGIS\Desktop10.0\ArcToolbox\Toolboxes\Data Management Tools.tbx\CalculateField" Date="20110606" Time="092503">CalculateField Cty_ED_MAY_16_2011 POLL_ADD "15 Highview Court" VB #</Process><Process ToolSource="C:\Program Files (x86)\ArcGIS\Desktop10.0\ArcToolbox\Toolboxes\Data Management Tools.tbx\CalculateField" Date="20110606" Time="092558">CalculateField Cty_ED_MAY_16_2011 POLL_SITE "Haverstraw Kings Daughters Library" VB #</Process><Process ToolSource="C:\Program Files (x86)\ArcGIS\Desktop10.0\ArcToolbox\Toolboxes\Data Management Tools.tbx\CalculateField" Date="20110606" Time="092617">CalculateField Cty_ED_MAY_16_2011 POLL_ADD "10 West Ramapo Road" VB #</Process><Process ToolSource="C:\Program Files (x86)\ArcGIS\Desktop10.0\ArcToolbox\Toolboxes\Data Management Tools.tbx\CalculateField" Date="20110606" Time="092628">CalculateField Cty_ED_MAY_16_2011 ZIP "10923" VB #</Process><Process ToolSource="C:\Program Files (x86)\ArcGIS\Desktop10.0\ArcToolbox\Toolboxes\Data Management Tools.tbx\CalculateField" Date="20110606" Time="092653">CalculateField Cty_ED_MAY_16_2011 ZIP "10923" VB #</Process><Process ToolSource="C:\Program Files (x86)\ArcGIS\Desktop10.0\ArcToolbox\Toolboxes\Data Management Tools.tbx\CalculateField" Date="20110606" Time="092659">CalculateField Cty_ED_MAY_16_2011 POLL_SITE "S.W. Johnson Fire House" VB #</Process><Process ToolSource="C:\Program Files (x86)\ArcGIS\Desktop10.0\ArcToolbox\Toolboxes\Data Management Tools.tbx\CalculateField" Date="20110606" Time="092714">CalculateField Cty_ED_MAY_16_2011 POLL_ADD "37 Bridge Street" VB #</Process><Process ToolSource="C:\Program Files (x86)\ArcGIS\Desktop10.0\ArcToolbox\Toolboxes\Data Management Tools.tbx\CalculateField" Date="20110606" Time="092739">CalculateField Cty_ED_MAY_16_2011 POLL_SITE "North Garnerville Elementary School" VB #</Process><Process ToolSource="C:\Program Files (x86)\ArcGIS\Desktop10.0\ArcToolbox\Toolboxes\Data Management Tools.tbx\CalculateField" Date="20110606" Time="092749">CalculateField Cty_ED_MAY_16_2011 POLL_ADD "63 Chapel Street" VB #</Process><Process ToolSource="C:\Program Files (x86)\ArcGIS\Desktop10.0\ArcToolbox\Toolboxes\Data Management Tools.tbx\CalculateField" Date="20110606" Time="092759">CalculateField Cty_ED_MAY_16_2011 ZIP "10923" VB #</Process><Process ToolSource="C:\Program Files (x86)\ArcGIS\Desktop10.0\ArcToolbox\Toolboxes\Data Management Tools.tbx\CalculateField" Date="20110606" Time="092819">CalculateField Cty_ED_MAY_16_2011 ZIP "10923" VB #</Process><Process ToolSource="C:\Program Files (x86)\ArcGIS\Desktop10.0\ArcToolbox\Toolboxes\Data Management Tools.tbx\CalculateField" Date="20110606" Time="092829">CalculateField Cty_ED_MAY_16_2011 POLL_SITE "David B. Roche Fire House" VB #</Process><Process ToolSource="C:\Program Files (x86)\ArcGIS\Desktop10.0\ArcToolbox\Toolboxes\Data Management Tools.tbx\CalculateField" Date="20110606" Time="092841">CalculateField Cty_ED_MAY_16_2011 POLL_ADD "99 Route 202" VB #</Process><Process ToolSource="C:\Program Files (x86)\ArcGIS\Desktop10.0\ArcToolbox\Toolboxes\Data Management Tools.tbx\CalculateField" Date="20110606" Time="092910">CalculateField Cty_ED_MAY_16_2011 POLL_SITE "St Gregory Barbarigo School" VB #</Process><Process ToolSource="C:\Program Files (x86)\ArcGIS\Desktop10.0\ArcToolbox\Toolboxes\Data Management Tools.tbx\CalculateField" Date="20110606" Time="092924">CalculateField Cty_ED_MAY_16_2011 POLL_ADD "29 Cinder Road" VB #</Process><Process ToolSource="C:\Program Files (x86)\ArcGIS\Desktop10.0\ArcToolbox\Toolboxes\Data Management Tools.tbx\CalculateField" Date="20110606" Time="092934">CalculateField Cty_ED_MAY_16_2011 ZIP "10923" VB #</Process><Process ToolSource="C:\Program Files (x86)\ArcGIS\Desktop10.0\ArcToolbox\Toolboxes\Data Management Tools.tbx\CalculateField" Date="20110606" Time="092955">CalculateField Cty_ED_MAY_16_2011 POLL_SITE "Hillcrest Fire House" VB #</Process><Process ToolSource="C:\Program Files (x86)\ArcGIS\Desktop10.0\ArcToolbox\Toolboxes\Data Management Tools.tbx\CalculateField" Date="20110606" Time="093008">CalculateField Cty_ED_MAY_16_2011 POLL_ADD "16 Thiells-Mt. Ivy Road" VB #</Process><Process ToolSource="C:\Program Files (x86)\ArcGIS\Desktop10.0\ArcToolbox\Toolboxes\Data Management Tools.tbx\CalculateField" Date="20110606" Time="093024">CalculateField Cty_ED_MAY_16_2011 ZIP "10970" VB #</Process><Process ToolSource="C:\Program Files (x86)\ArcGIS\Desktop10.0\ArcToolbox\Toolboxes\Data Management Tools.tbx\CalculateField" Date="20110606" Time="094750">CalculateField Cty_ED_MAY_16_2011 ZIP "10970" VB #</Process><Process ToolSource="C:\Program Files (x86)\ArcGIS\Desktop10.0\ArcToolbox\Toolboxes\Data Management Tools.tbx\CalculateField" Date="20110606" Time="094756">CalculateField Cty_ED_MAY_16_2011 POLL_SITE "Fire Training Ctr" VB #</Process><Process ToolSource="C:\Program Files (x86)\ArcGIS\Desktop10.0\ArcToolbox\Toolboxes\Data Management Tools.tbx\CalculateField" Date="20110606" Time="094809">CalculateField Cty_ED_MAY_16_2011 POLL_ADD "35 Firemen’s Memorial Drive" VB #</Process><Process ToolSource="C:\Program Files (x86)\ArcGIS\Desktop10.0\ArcToolbox\Toolboxes\Data Management Tools.tbx\CalculateField" Date="20110606" Time="094838">CalculateField Cty_ED_MAY_16_2011 POLL_SITE "Italian American Social Club" VB #</Process><Process ToolSource="C:\Program Files (x86)\ArcGIS\Desktop10.0\ArcToolbox\Toolboxes\Data Management Tools.tbx\CalculateField" Date="20110606" Time="094849">CalculateField Cty_ED_MAY_16_2011 POLL_ADD "35 Cosgrove Avenue" VB #</Process><Process ToolSource="C:\Program Files (x86)\ArcGIS\Desktop10.0\ArcToolbox\Toolboxes\Data Management Tools.tbx\CalculateField" Date="20110606" Time="094901">CalculateField Cty_ED_MAY_16_2011 ZIP "10993" VB #</Process><Process ToolSource="C:\Program Files (x86)\ArcGIS\Desktop10.0\ArcToolbox\Toolboxes\Data Management Tools.tbx\CalculateField" Date="20110606" Time="094919">CalculateField Cty_ED_MAY_16_2011 ZIP "10993" VB #</Process><Process ToolSource="C:\Program Files (x86)\ArcGIS\Desktop10.0\ArcToolbox\Toolboxes\Data Management Tools.tbx\CalculateField" Date="20110606" Time="094924">CalculateField Cty_ED_MAY_16_2011 POLL_SITE "Walnut Hill Apts" VB #</Process><Process ToolSource="C:\Program Files (x86)\ArcGIS\Desktop10.0\ArcToolbox\Toolboxes\Data Management Tools.tbx\CalculateField" Date="20110606" Time="094953">CalculateField Cty_ED_MAY_16_2011 POLL_ADD "700 Walnut Hills" VB #</Process><Process ToolSource="C:\Program Files (x86)\ArcGIS\Desktop10.0\ArcToolbox\Toolboxes\Data Management Tools.tbx\CalculateField" Date="20110606" Time="095136">CalculateField Cty_ED_MAY_16_2011 POLL_SITE "Haverstraw Center for Youth &amp; Family Services " VB #</Process><Process ToolSource="C:\Program Files (x86)\ArcGIS\Desktop10.0\ArcToolbox\Toolboxes\Data Management Tools.tbx\CalculateField" Date="20110606" Time="095152">CalculateField Cty_ED_MAY_16_2011 POLL_ADD "50 W Broad St" VB #</Process><Process ToolSource="C:\Program Files (x86)\ArcGIS\Desktop10.0\ArcToolbox\Toolboxes\Data Management Tools.tbx\CalculateField" Date="20110606" Time="095200">CalculateField Cty_ED_MAY_16_2011 ZIP "10927" VB #</Process><Process ToolSource="C:\Program Files (x86)\ArcGIS\Desktop10.0\ArcToolbox\Toolboxes\Data Management Tools.tbx\CalculateField" Date="20110606" Time="095215">CalculateField Cty_ED_MAY_16_2011 POLL_SITE "Walnut Hill Apts" VB #</Process><Process ToolSource="C:\Program Files (x86)\ArcGIS\Desktop10.0\ArcToolbox\Toolboxes\Data Management Tools.tbx\CalculateField" Date="20110606" Time="095223">CalculateField Cty_ED_MAY_16_2011 POLL_ADD "700 Walnut Hills" VB #</Process><Process ToolSource="C:\Program Files (x86)\ArcGIS\Desktop10.0\ArcToolbox\Toolboxes\Data Management Tools.tbx\CalculateField" Date="20110606" Time="095230">CalculateField Cty_ED_MAY_16_2011 ZIP "10993" VB #</Process><Process ToolSource="C:\Program Files (x86)\ArcGIS\Desktop10.0\ArcToolbox\Toolboxes\Data Management Tools.tbx\CalculateField" Date="20110606" Time="095301">CalculateField Cty_ED_MAY_16_2011 POLL_SITE "St John’s Catholic Church" VB #</Process><Process ToolSource="C:\Program Files (x86)\ArcGIS\Desktop10.0\ArcToolbox\Toolboxes\Data Management Tools.tbx\CalculateField" Date="20110606" Time="095312">CalculateField Cty_ED_MAY_16_2011 POLL_ADD "895 Piermont Avenue" VB #</Process><Process ToolSource="C:\Program Files (x86)\ArcGIS\Desktop10.0\ArcToolbox\Toolboxes\Data Management Tools.tbx\CalculateField" Date="20110606" Time="095322">CalculateField Cty_ED_MAY_16_2011 ZIP "10968" VB #</Process><Process ToolSource="C:\Program Files (x86)\ArcGIS\Desktop10.0\ArcToolbox\Toolboxes\Data Management Tools.tbx\CalculateField" Date="20110606" Time="095355">CalculateField Cty_ED_MAY_16_2011 POLL_SITE "Depew Manor" VB #</Process><Process ToolSource="C:\Program Files (x86)\ArcGIS\Desktop10.0\ArcToolbox\Toolboxes\Data Management Tools.tbx\CalculateField" Date="20110606" Time="095406">CalculateField Cty_ED_MAY_16_2011 POLL_ADD "60 Depew Avenue" VB #</Process><Process ToolSource="C:\Program Files (x86)\ArcGIS\Desktop10.0\ArcToolbox\Toolboxes\Data Management Tools.tbx\CalculateField" Date="20110606" Time="095414">CalculateField Cty_ED_MAY_16_2011 ZIP "10960" VB #</Process><Process ToolSource="C:\Program Files (x86)\ArcGIS\Desktop10.0\ArcToolbox\Toolboxes\Data Management Tools.tbx\CalculateField" Date="20110606" Time="095426">CalculateField Cty_ED_MAY_16_2011 ZIP "10960" VB #</Process><Process ToolSource="C:\Program Files (x86)\ArcGIS\Desktop10.0\ArcToolbox\Toolboxes\Data Management Tools.tbx\CalculateField" Date="20110606" Time="095438">CalculateField Cty_ED_MAY_16_2011 POLL_SITE "Grace Episcopal Church" VB #</Process><Process ToolSource="C:\Program Files (x86)\ArcGIS\Desktop10.0\ArcToolbox\Toolboxes\Data Management Tools.tbx\CalculateField" Date="20110606" Time="095447">CalculateField Cty_ED_MAY_16_2011 POLL_ADD "130  First Avenue" VB #</Process><Process ToolSource="C:\Program Files (x86)\ArcGIS\Desktop10.0\ArcToolbox\Toolboxes\Data Management Tools.tbx\CalculateField" Date="20110606" Time="095506">CalculateField Cty_ED_MAY_16_2011 POLL_SITE "Nyack Community Ambulance Corps" VB #</Process><Process ToolSource="C:\Program Files (x86)\ArcGIS\Desktop10.0\ArcToolbox\Toolboxes\Data Management Tools.tbx\CalculateField" Date="20110606" Time="095525">CalculateField Cty_ED_MAY_16_2011 POLL_ADD "251 N Midland Avenue" VB #</Process><Process ToolSource="C:\Program Files (x86)\ArcGIS\Desktop10.0\ArcToolbox\Toolboxes\Data Management Tools.tbx\CalculateField" Date="20110606" Time="095535">CalculateField Cty_ED_MAY_16_2011 ZIP "10960" VB #</Process><Process ToolSource="C:\Program Files (x86)\ArcGIS\Desktop10.0\ArcToolbox\Toolboxes\Data Management Tools.tbx\CalculateField" Date="20110606" Time="095623">CalculateField Cty_ED_MAY_16_2011 ZIP "10960" VB #</Process><Process ToolSource="C:\Program Files (x86)\ArcGIS\Desktop10.0\ArcToolbox\Toolboxes\Data Management Tools.tbx\CalculateField" Date="20110606" Time="095635">CalculateField Cty_ED_MAY_16_2011 POLL_SITE "BOCES – St Ann’s School" VB #</Process><Process ToolSource="C:\Program Files (x86)\ArcGIS\Desktop10.0\ArcToolbox\Toolboxes\Data Management Tools.tbx\CalculateField" Date="20110606" Time="095648">CalculateField Cty_ED_MAY_16_2011 POLL_ADD "33 Jefferson Street" VB #</Process><Process ToolSource="C:\Program Files (x86)\ArcGIS\Desktop10.0\ArcToolbox\Toolboxes\Data Management Tools.tbx\CalculateField" Date="20110606" Time="095717">CalculateField Cty_ED_MAY_16_2011 POLL_SITE "Living Christ Church" VB #</Process><Process ToolSource="C:\Program Files (x86)\ArcGIS\Desktop10.0\ArcToolbox\Toolboxes\Data Management Tools.tbx\CalculateField" Date="20110606" Time="095851">CalculateField Cty_ED_MAY_16_2011 POLL_ADD "151 South Broadway" VB #</Process><Process ToolSource="C:\Program Files (x86)\ArcGIS\Desktop10.0\ArcToolbox\Toolboxes\Data Management Tools.tbx\CalculateField" Date="20110606" Time="095901">CalculateField Cty_ED_MAY_16_2011 ZIP "10960" VB #</Process><Process ToolSource="C:\Program Files (x86)\ArcGIS\Desktop10.0\ArcToolbox\Toolboxes\Data Management Tools.tbx\CalculateField" Date="20110606" Time="095939">CalculateField Cty_ED_MAY_16_2011 POLL_SITE "John Paulding Engine Co. #1" VB #</Process><Process ToolSource="C:\Program Files (x86)\ArcGIS\Desktop10.0\ArcToolbox\Toolboxes\Data Management Tools.tbx\CalculateField" Date="20110606" Time="095949">CalculateField Cty_ED_MAY_16_2011 POLL_ADD "520 Route 340" VB #</Process><Process ToolSource="C:\Program Files (x86)\ArcGIS\Desktop10.0\ArcToolbox\Toolboxes\Data Management Tools.tbx\CalculateField" Date="20110606" Time="095958">CalculateField Cty_ED_MAY_16_2011 ZIP "10976" VB #</Process><Process ToolSource="C:\Program Files (x86)\ArcGIS\Desktop10.0\ArcToolbox\Toolboxes\Data Management Tools.tbx\CalculateField" Date="20110606" Time="100032">CalculateField Cty_ED_MAY_16_2011 POLL_SITE "Thorpe Village,  All Purpose Room" VB #</Process><Process ToolSource="C:\Program Files (x86)\ArcGIS\Desktop10.0\ArcToolbox\Toolboxes\Data Management Tools.tbx\CalculateField" Date="20110606" Time="100043">CalculateField Cty_ED_MAY_16_2011 POLL_ADD "6 Thorpe Drive" VB #</Process><Process ToolSource="C:\Program Files (x86)\ArcGIS\Desktop10.0\ArcToolbox\Toolboxes\Data Management Tools.tbx\CalculateField" Date="20110606" Time="100056">CalculateField Cty_ED_MAY_16_2011 ZIP "10976" VB #</Process><Process ToolSource="C:\Program Files (x86)\ArcGIS\Desktop10.0\ArcToolbox\Toolboxes\Data Management Tools.tbx\CalculateField" Date="20110606" Time="100131">CalculateField Cty_ED_MAY_16_2011 POLL_SITE "St Catharine’s School" VB #</Process><Process ToolSource="C:\Program Files (x86)\ArcGIS\Desktop10.0\ArcToolbox\Toolboxes\Data Management Tools.tbx\CalculateField" Date="20110606" Time="100143">CalculateField Cty_ED_MAY_16_2011 POLL_ADD "517 Western Highway" VB #</Process><Process ToolSource="C:\Program Files (x86)\ArcGIS\Desktop10.0\ArcToolbox\Toolboxes\Data Management Tools.tbx\CalculateField" Date="20110606" Time="100155">CalculateField Cty_ED_MAY_16_2011 ZIP "10913" VB #</Process><Process ToolSource="C:\Program Files (x86)\ArcGIS\Desktop10.0\ArcToolbox\Toolboxes\Data Management Tools.tbx\CalculateField" Date="20110606" Time="100219">CalculateField Cty_ED_MAY_16_2011 POLL_SITE "Esplanade Palisades" VB #</Process><Process ToolSource="C:\Program Files (x86)\ArcGIS\Desktop10.0\ArcToolbox\Toolboxes\Data Management Tools.tbx\CalculateField" Date="20110606" Time="100235">CalculateField Cty_ED_MAY_16_2011 POLL_ADD "640 Oak Tree Road" VB #</Process><Process ToolSource="C:\Program Files (x86)\ArcGIS\Desktop10.0\ArcToolbox\Toolboxes\Data Management Tools.tbx\CalculateField" Date="20110606" Time="100246">CalculateField Cty_ED_MAY_16_2011 ZIP "10964" VB #</Process><Process ToolSource="C:\Program Files (x86)\ArcGIS\Desktop10.0\ArcToolbox\Toolboxes\Data Management Tools.tbx\CalculateField" Date="20110606" Time="100312">CalculateField Cty_ED_MAY_16_2011 POLL_SITE "Pearl River Public Library" VB #</Process><Process ToolSource="C:\Program Files (x86)\ArcGIS\Desktop10.0\ArcToolbox\Toolboxes\Data Management Tools.tbx\CalculateField" Date="20110606" Time="100322">CalculateField Cty_ED_MAY_16_2011 POLL_ADD "80 Franklin Avenue" VB #</Process><Process ToolSource="C:\Program Files (x86)\ArcGIS\Desktop10.0\ArcToolbox\Toolboxes\Data Management Tools.tbx\CalculateField" Date="20110606" Time="100332">CalculateField Cty_ED_MAY_16_2011 ZIP "10965" VB #</Process><Process ToolSource="C:\Program Files (x86)\ArcGIS\Desktop10.0\ArcToolbox\Toolboxes\Data Management Tools.tbx\CalculateField" Date="20110606" Time="100406">CalculateField Cty_ED_MAY_16_2011 POLL_SITE "St Margaret’s Church" VB #</Process><Process ToolSource="C:\Program Files (x86)\ArcGIS\Desktop10.0\ArcToolbox\Toolboxes\Data Management Tools.tbx\CalculateField" Date="20110606" Time="100726">CalculateField Cty_ED_MAY_16_2011 POLL_ADD "34 N Magnolia St" VB #</Process><Process ToolSource="C:\Program Files (x86)\ArcGIS\Desktop10.0\ArcToolbox\Toolboxes\Data Management Tools.tbx\CalculateField" Date="20110606" Time="100735">CalculateField Cty_ED_MAY_16_2011 ZIP "10965" VB #</Process><Process ToolSource="C:\Program Files (x86)\ArcGIS\Desktop10.0\ArcToolbox\Toolboxes\Data Management Tools.tbx\CalculateField" Date="20110606" Time="100817">CalculateField Cty_ED_MAY_16_2011 ZIP "10965" VB #</Process><Process ToolSource="C:\Program Files (x86)\ArcGIS\Desktop10.0\ArcToolbox\Toolboxes\Data Management Tools.tbx\CalculateField" Date="20110606" Time="100824">CalculateField Cty_ED_MAY_16_2011 POLL_SITE "Pearl River High School" VB #</Process><Process ToolSource="C:\Program Files (x86)\ArcGIS\Desktop10.0\ArcToolbox\Toolboxes\Data Management Tools.tbx\CalculateField" Date="20110606" Time="101018">CalculateField Cty_ED_MAY_16_2011 POLL_ADD "275 E Central Ave" VB #</Process><Process ToolSource="C:\Program Files (x86)\ArcGIS\Desktop10.0\ArcToolbox\Toolboxes\Data Management Tools.tbx\CalculateField" Date="20110606" Time="101026">CalculateField Cty_ED_MAY_16_2011 ZIP "10965" VB #</Process><Process ToolSource="C:\Program Files (x86)\ArcGIS\Desktop10.0\ArcToolbox\Toolboxes\Data Management Tools.tbx\CalculateField" Date="20110606" Time="101041">CalculateField Cty_ED_MAY_16_2011 ZIP "10965" VB #</Process><Process ToolSource="C:\Program Files (x86)\ArcGIS\Desktop10.0\ArcToolbox\Toolboxes\Data Management Tools.tbx\CalculateField" Date="20110606" Time="101052">CalculateField Cty_ED_MAY_16_2011 POLL_SITE "Evans Park School" VB #</Process><Process ToolSource="C:\Program Files (x86)\ArcGIS\Desktop10.0\ArcToolbox\Toolboxes\Data Management Tools.tbx\CalculateField" Date="20110606" Time="101102">CalculateField Cty_ED_MAY_16_2011 POLL_ADD "40 Marion Place" VB #</Process><Process ToolSource="C:\Program Files (x86)\ArcGIS\Desktop10.0\ArcToolbox\Toolboxes\Data Management Tools.tbx\CalculateField" Date="20110606" Time="101123">CalculateField Cty_ED_MAY_16_2011 POLL_SITE "Nauraushan Presbyterian Church" VB #</Process><Process ToolSource="C:\Program Files (x86)\ArcGIS\Desktop10.0\ArcToolbox\Toolboxes\Data Management Tools.tbx\CalculateField" Date="20110606" Time="101133">CalculateField Cty_ED_MAY_16_2011 POLL_ADD "51 Sickletown Road" VB #</Process><Process ToolSource="C:\Program Files (x86)\ArcGIS\Desktop10.0\ArcToolbox\Toolboxes\Data Management Tools.tbx\CalculateField" Date="20110606" Time="101143">CalculateField Cty_ED_MAY_16_2011 ZIP "10965" VB #</Process><Process ToolSource="C:\Program Files (x86)\ArcGIS\Desktop10.0\ArcToolbox\Toolboxes\Data Management Tools.tbx\CalculateField" Date="20110606" Time="101207">CalculateField Cty_ED_MAY_16_2011 POLL_SITE "Orangetown Town Hall" VB #</Process><Process ToolSource="C:\Program Files (x86)\ArcGIS\Desktop10.0\ArcToolbox\Toolboxes\Data Management Tools.tbx\CalculateField" Date="20110606" Time="101219">CalculateField Cty_ED_MAY_16_2011 POLL_ADD "26 Orangeburg Road" VB #</Process><Process ToolSource="C:\Program Files (x86)\ArcGIS\Desktop10.0\ArcToolbox\Toolboxes\Data Management Tools.tbx\CalculateField" Date="20110606" Time="101227">CalculateField Cty_ED_MAY_16_2011 ZIP "10962" VB #</Process><Process ToolSource="C:\Program Files (x86)\ArcGIS\Desktop10.0\ArcToolbox\Toolboxes\Data Management Tools.tbx\CalculateField" Date="20110606" Time="101239">CalculateField Cty_ED_MAY_16_2011 ZIP "10962" VB #</Process><Process ToolSource="C:\Program Files (x86)\ArcGIS\Desktop10.0\ArcToolbox\Toolboxes\Data Management Tools.tbx\CalculateField" Date="20110606" Time="101253">CalculateField Cty_ED_MAY_16_2011 POLL_SITE "Rockland Psychiatric Center, Bldg. #58" VB #</Process><Process ToolSource="C:\Program Files (x86)\ArcGIS\Desktop10.0\ArcToolbox\Toolboxes\Data Management Tools.tbx\CalculateField" Date="20110606" Time="101304">CalculateField Cty_ED_MAY_16_2011 POLL_ADD "140 Old Orangeburg Road" VB #</Process><Process ToolSource="C:\Program Files (x86)\ArcGIS\Desktop10.0\ArcToolbox\Toolboxes\Data Management Tools.tbx\CalculateField" Date="20110606" Time="101338">CalculateField Cty_ED_MAY_16_2011 POLL_SITE "William O Schaefer School" VB #</Process><Process ToolSource="C:\Program Files (x86)\ArcGIS\Desktop10.0\ArcToolbox\Toolboxes\Data Management Tools.tbx\CalculateField" Date="20110606" Time="101349">CalculateField Cty_ED_MAY_16_2011 POLL_ADD "140 Lester Drive" VB #</Process><Process ToolSource="C:\Program Files (x86)\ArcGIS\Desktop10.0\ArcToolbox\Toolboxes\Data Management Tools.tbx\CalculateField" Date="20110606" Time="101401">CalculateField Cty_ED_MAY_16_2011 ZIP "10983" VB #</Process><Process ToolSource="C:\Program Files (x86)\ArcGIS\Desktop10.0\ArcToolbox\Toolboxes\Data Management Tools.tbx\CalculateField" Date="20110606" Time="101439">CalculateField Cty_ED_MAY_16_2011 POLL_SITE "Suffern Middle School" VB #</Process><Process ToolSource="C:\Program Files (x86)\ArcGIS\Desktop10.0\ArcToolbox\Toolboxes\Data Management Tools.tbx\CalculateField" Date="20110606" Time="101458">CalculateField Cty_ED_MAY_16_2011 POLL_ADD "80 Hemion Road" VB #</Process><Process ToolSource="C:\Program Files (x86)\ArcGIS\Desktop10.0\ArcToolbox\Toolboxes\Data Management Tools.tbx\CalculateField" Date="20110606" Time="101511">CalculateField Cty_ED_MAY_16_2011 ZIP "10901" VB #</Process><Process ToolSource="C:\Program Files (x86)\ArcGIS\Desktop10.0\ArcToolbox\Toolboxes\Data Management Tools.tbx\CalculateField" Date="20110606" Time="101537">CalculateField Cty_ED_MAY_16_2011 ZIP "10901" VB #</Process><Process ToolSource="C:\Program Files (x86)\ArcGIS\Desktop10.0\ArcToolbox\Toolboxes\Data Management Tools.tbx\CalculateField" Date="20110606" Time="101549">CalculateField Cty_ED_MAY_16_2011 POLL_SITE "Suffern Free Library" VB #</Process><Process ToolSource="C:\Program Files (x86)\ArcGIS\Desktop10.0\ArcToolbox\Toolboxes\Data Management Tools.tbx\CalculateField" Date="20110606" Time="101600">CalculateField Cty_ED_MAY_16_2011 POLL_ADD "210 Lafayette Ave" VB #</Process><Process ToolSource="C:\Program Files (x86)\ArcGIS\Desktop10.0\ArcToolbox\Toolboxes\Data Management Tools.tbx\CalculateField" Date="20110606" Time="101642">CalculateField Cty_ED_MAY_16_2011 POLL_SITE "Ramapo Town Hall" VB #</Process><Process ToolSource="C:\Program Files (x86)\ArcGIS\Desktop10.0\ArcToolbox\Toolboxes\Data Management Tools.tbx\CalculateField" Date="20110606" Time="101655">CalculateField Cty_ED_MAY_16_2011 POLL_ADD "237 Route 59" VB #</Process><Process ToolSource="C:\Program Files (x86)\ArcGIS\Desktop10.0\ArcToolbox\Toolboxes\Data Management Tools.tbx\CalculateField" Date="20110606" Time="101708">CalculateField Cty_ED_MAY_16_2011 ZIP "10901" VB #</Process><Process ToolSource="C:\Program Files (x86)\ArcGIS\Desktop10.0\ArcToolbox\Toolboxes\Data Management Tools.tbx\CalculateField" Date="20110606" Time="101728">CalculateField Cty_ED_MAY_16_2011 ZIP "10901" VB #</Process><Process ToolSource="C:\Program Files (x86)\ArcGIS\Desktop10.0\ArcToolbox\Toolboxes\Data Management Tools.tbx\CalculateField" Date="20110606" Time="101741">CalculateField Cty_ED_MAY_16_2011 POLL_SITE "Ramapo VFW Memorial Bldg" VB #</Process><Process ToolSource="C:\Program Files (x86)\ArcGIS\Desktop10.0\ArcToolbox\Toolboxes\Data Management Tools.tbx\CalculateField" Date="20110606" Time="101750">CalculateField Cty_ED_MAY_16_2011 POLL_ADD "16 Ramapo Avenue" VB #</Process><Process ToolSource="C:\Program Files (x86)\ArcGIS\Desktop10.0\ArcToolbox\Toolboxes\Data Management Tools.tbx\CalculateField" Date="20110606" Time="101812">CalculateField Cty_ED_MAY_16_2011 POLL_SITE "Christ Lutheran Church Educational Bldg" VB #</Process><Process ToolSource="C:\Program Files (x86)\ArcGIS\Desktop10.0\ArcToolbox\Toolboxes\Data Management Tools.tbx\CalculateField" Date="20110606" Time="101823">CalculateField Cty_ED_MAY_16_2011 POLL_ADD "3 Church Road" VB #</Process><Process ToolSource="C:\Program Files (x86)\ArcGIS\Desktop10.0\ArcToolbox\Toolboxes\Data Management Tools.tbx\CalculateField" Date="20110606" Time="101832">CalculateField Cty_ED_MAY_16_2011 ZIP "10901" VB #</Process><Process ToolSource="C:\Program Files (x86)\ArcGIS\Desktop10.0\ArcToolbox\Toolboxes\Data Management Tools.tbx\CalculateField" Date="20110606" Time="101859">CalculateField Cty_ED_MAY_16_2011 ZIP "10901" VB #</Process><Process ToolSource="C:\Program Files (x86)\ArcGIS\Desktop10.0\ArcToolbox\Toolboxes\Data Management Tools.tbx\CalculateField" Date="20110606" Time="101909">CalculateField Cty_ED_MAY_16_2011 POLL_SITE "Suffern Sr High School" VB #</Process><Process ToolSource="C:\Program Files (x86)\ArcGIS\Desktop10.0\ArcToolbox\Toolboxes\Data Management Tools.tbx\CalculateField" Date="20110606" Time="101920">CalculateField Cty_ED_MAY_16_2011 POLL_ADD "49 Viola Road" VB #</Process><Process ToolSource="C:\Program Files (x86)\ArcGIS\Desktop10.0\ArcToolbox\Toolboxes\Data Management Tools.tbx\CalculateField" Date="20110606" Time="101937">CalculateField Cty_ED_MAY_16_2011 POLL_SITE "Spook Rock Sen. Citizen Housing Project" VB #</Process><Process ToolSource="C:\Program Files (x86)\ArcGIS\Desktop10.0\ArcToolbox\Toolboxes\Data Management Tools.tbx\CalculateField" Date="20110606" Time="101947">CalculateField Cty_ED_MAY_16_2011 POLL_ADD "200 Dashew Drive" VB #</Process><Process ToolSource="C:\Program Files (x86)\ArcGIS\Desktop10.0\ArcToolbox\Toolboxes\Data Management Tools.tbx\CalculateField" Date="20110606" Time="101957">CalculateField Cty_ED_MAY_16_2011 ZIP "10901" VB #</Process><Process ToolSource="C:\Program Files (x86)\ArcGIS\Desktop10.0\ArcToolbox\Toolboxes\Data Management Tools.tbx\CalculateField" Date="20110606" Time="102017">CalculateField Cty_ED_MAY_16_2011 ZIP "10901" VB #</Process><Process ToolSource="C:\Program Files (x86)\ArcGIS\Desktop10.0\ArcToolbox\Toolboxes\Data Management Tools.tbx\CalculateField" Date="20110606" Time="102024">CalculateField Cty_ED_MAY_16_2011 POLL_SITE "Pomona Middle School" VB #</Process><Process ToolSource="C:\Program Files (x86)\ArcGIS\Desktop10.0\ArcToolbox\Toolboxes\Data Management Tools.tbx\CalculateField" Date="20110606" Time="102034">CalculateField Cty_ED_MAY_16_2011 POLL_ADD "101 Pomona Road" VB #</Process><Process ToolSource="C:\Program Files (x86)\ArcGIS\Desktop10.0\ArcToolbox\Toolboxes\Data Management Tools.tbx\CalculateField" Date="20110606" Time="102103">CalculateField Cty_ED_MAY_16_2011 POLL_SITE "Leo P. Lydon" VB #</Process><Process ToolSource="C:\Program Files (x86)\ArcGIS\Desktop10.0\ArcToolbox\Toolboxes\Data Management Tools.tbx\CalculateField" Date="20110606" Time="102111">CalculateField Cty_ED_MAY_16_2011 POLL_SITE "Leo P Lydon" VB #</Process><Process ToolSource="C:\Program Files (x86)\ArcGIS\Desktop10.0\ArcToolbox\Toolboxes\Data Management Tools.tbx\CalculateField" Date="20110606" Time="102118">CalculateField Cty_ED_MAY_16_2011 POLL_SITE "Leo P. Lydon" VB #</Process><Process ToolSource="C:\Program Files (x86)\ArcGIS\Desktop10.0\ArcToolbox\Toolboxes\Data Management Tools.tbx\CalculateField" Date="20110606" Time="102129">CalculateField Cty_ED_MAY_16_2011 POLL_ADD "19 Sylvan Way" VB #</Process><Process ToolSource="C:\Program Files (x86)\ArcGIS\Desktop10.0\ArcToolbox\Toolboxes\Data Management Tools.tbx\CalculateField" Date="20110606" Time="102138">CalculateField Cty_ED_MAY_16_2011 ZIP "10901" VB #</Process><Process ToolSource="C:\Program Files (x86)\ArcGIS\Desktop10.0\ArcToolbox\Toolboxes\Data Management Tools.tbx\CalculateField" Date="20110606" Time="102154">CalculateField Cty_ED_MAY_16_2011 ZIP "10901" VB #</Process><Process ToolSource="C:\Program Files (x86)\ArcGIS\Desktop10.0\ArcToolbox\Toolboxes\Data Management Tools.tbx\CalculateField" Date="20110606" Time="102201">CalculateField Cty_ED_MAY_16_2011 POLL_SITE "Suffern United Methodist Church" VB #</Process><Process ToolSource="C:\Program Files (x86)\ArcGIS\Desktop10.0\ArcToolbox\Toolboxes\Data Management Tools.tbx\CalculateField" Date="20110606" Time="102213">CalculateField Cty_ED_MAY_16_2011 POLL_ADD "18 Parkside Drive" VB #</Process><Process ToolSource="C:\Program Files (x86)\ArcGIS\Desktop10.0\ArcToolbox\Toolboxes\Data Management Tools.tbx\CalculateField" Date="20110606" Time="102245">CalculateField Cty_ED_MAY_16_2011 POLL_SITE "Margetts Elementary School" VB #</Process><Process ToolSource="C:\Program Files (x86)\ArcGIS\Desktop10.0\ArcToolbox\Toolboxes\Data Management Tools.tbx\CalculateField" Date="20110606" Time="102257">CalculateField Cty_ED_MAY_16_2011 POLL_ADD "25 Margetts Road" VB #</Process><Process ToolSource="C:\Program Files (x86)\ArcGIS\Desktop10.0\ArcToolbox\Toolboxes\Data Management Tools.tbx\CalculateField" Date="20110606" Time="102305">CalculateField Cty_ED_MAY_16_2011 ZIP "10952" VB #</Process><Process ToolSource="C:\Program Files (x86)\ArcGIS\Desktop10.0\ArcToolbox\Toolboxes\Data Management Tools.tbx\CalculateField" Date="20110606" Time="102343">CalculateField Cty_ED_MAY_16_2011 ZIP "10952" VB #</Process><Process ToolSource="C:\Program Files (x86)\ArcGIS\Desktop10.0\ArcToolbox\Toolboxes\Data Management Tools.tbx\CalculateField" Date="20110606" Time="102350">CalculateField Cty_ED_MAY_16_2011 POLL_SITE "Yeshiva of Spring Valley" VB #</Process><Process ToolSource="C:\Program Files (x86)\ArcGIS\Desktop10.0\ArcToolbox\Toolboxes\Data Management Tools.tbx\CalculateField" Date="20110606" Time="102401">CalculateField Cty_ED_MAY_16_2011 POLL_ADD "230 Maple Avenue" VB #</Process><Process ToolSource="C:\Program Files (x86)\ArcGIS\Desktop10.0\ArcToolbox\Toolboxes\Data Management Tools.tbx\CalculateField" Date="20110606" Time="102427">CalculateField Cty_ED_MAY_16_2011 POLL_SITE "Fountain View at College Rd" VB #</Process><Process ToolSource="C:\Program Files (x86)\ArcGIS\Desktop10.0\ArcToolbox\Toolboxes\Data Management Tools.tbx\CalculateField" Date="20110606" Time="102442">CalculateField Cty_ED_MAY_16_2011 POLL_ADD "2000 Fountain View Drive" VB #</Process><Process ToolSource="C:\Program Files (x86)\ArcGIS\Desktop10.0\ArcToolbox\Toolboxes\Data Management Tools.tbx\CalculateField" Date="20110606" Time="102514">CalculateField Cty_ED_MAY_16_2011 POLL_ADD "2000 Fountainview Drive" VB #</Process><Process ToolSource="C:\Program Files (x86)\ArcGIS\Desktop10.0\ArcToolbox\Toolboxes\Data Management Tools.tbx\CalculateField" Date="20110606" Time="102555">CalculateField Cty_ED_MAY_16_2011 POLL_SITE "Elmwood Elementary School" VB #</Process><Process ToolSource="C:\Program Files (x86)\ArcGIS\Desktop10.0\ArcToolbox\Toolboxes\Data Management Tools.tbx\CalculateField" Date="20110606" Time="102608">CalculateField Cty_ED_MAY_16_2011 POLL_ADD "43 Robert Pitt Drive" VB #</Process><Process ToolSource="C:\Program Files (x86)\ArcGIS\Desktop10.0\ArcToolbox\Toolboxes\Data Management Tools.tbx\CalculateField" Date="20110606" Time="102616">CalculateField Cty_ED_MAY_16_2011 ZIP "10952" VB #</Process><Process ToolSource="C:\Program Files (x86)\ArcGIS\Desktop10.0\ArcToolbox\Toolboxes\Data Management Tools.tbx\CalculateField" Date="20110606" Time="102636">CalculateField Cty_ED_MAY_16_2011 ZIP "10952" VB #</Process><Process ToolSource="C:\Program Files (x86)\ArcGIS\Desktop10.0\ArcToolbox\Toolboxes\Data Management Tools.tbx\CalculateField" Date="20110606" Time="102642">CalculateField Cty_ED_MAY_16_2011 POLL_SITE "Viznitz School" VB #</Process><Process ToolSource="C:\Program Files (x86)\ArcGIS\Desktop10.0\ArcToolbox\Toolboxes\Data Management Tools.tbx\CalculateField" Date="20110606" Time="102653">CalculateField Cty_ED_MAY_16_2011 POLL_ADD "20 Ashel Lane" VB #</Process><Process ToolSource="C:\Program Files (x86)\ArcGIS\Desktop10.0\ArcToolbox\Toolboxes\Data Management Tools.tbx\CalculateField" Date="20110606" Time="102713">CalculateField Cty_ED_MAY_16_2011 POLL_SITE "Grandview Elementary School" VB #</Process><Process ToolSource="C:\Program Files (x86)\ArcGIS\Desktop10.0\ArcToolbox\Toolboxes\Data Management Tools.tbx\CalculateField" Date="20110606" Time="102722">CalculateField Cty_ED_MAY_16_2011 POLL_ADD "151 Grandview Avenue" VB #</Process><Process ToolSource="C:\Program Files (x86)\ArcGIS\Desktop10.0\ArcToolbox\Toolboxes\Data Management Tools.tbx\CalculateField" Date="20110606" Time="102732">CalculateField Cty_ED_MAY_16_2011 ZIP "10952" VB #</Process><Process ToolSource="C:\Program Files (x86)\ArcGIS\Desktop10.0\ArcToolbox\Toolboxes\Data Management Tools.tbx\CalculateField" Date="20110606" Time="102801">CalculateField Cty_ED_MAY_16_2011 POLL_SITE "Sloatsburg Elementary School" VB #</Process><Process ToolSource="C:\Program Files (x86)\ArcGIS\Desktop10.0\ArcToolbox\Toolboxes\Data Management Tools.tbx\CalculateField" Date="20110606" Time="102812">CalculateField Cty_ED_MAY_16_2011 POLL_ADD "11 Second Street" VB #</Process><Process ToolSource="C:\Program Files (x86)\ArcGIS\Desktop10.0\ArcToolbox\Toolboxes\Data Management Tools.tbx\CalculateField" Date="20110606" Time="102820">CalculateField Cty_ED_MAY_16_2011 ZIP "10974" VB #</Process><Process ToolSource="C:\Program Files (x86)\ArcGIS\Desktop10.0\ArcToolbox\Toolboxes\Data Management Tools.tbx\CalculateField" Date="20110606" Time="102836">CalculateField Cty_ED_MAY_16_2011 POLL_SITE "Hillburn Community Room" VB #</Process><Process ToolSource="C:\Program Files (x86)\ArcGIS\Desktop10.0\ArcToolbox\Toolboxes\Data Management Tools.tbx\CalculateField" Date="20110606" Time="102847">CalculateField Cty_ED_MAY_16_2011 POLL_ADD "37 Fifth Street" VB #</Process><Process ToolSource="C:\Program Files (x86)\ArcGIS\Desktop10.0\ArcToolbox\Toolboxes\Data Management Tools.tbx\CalculateField" Date="20110606" Time="102855">CalculateField Cty_ED_MAY_16_2011 ZIP "10931" VB #</Process><Process ToolSource="C:\Program Files (x86)\ArcGIS\Desktop10.0\ArcToolbox\Toolboxes\Data Management Tools.tbx\CalculateField" Date="20110606" Time="102934">CalculateField Cty_ED_MAY_16_2011 POLL_SITE "Spring Valley Sr. High School" VB #</Process><Process ToolSource="C:\Program Files (x86)\ArcGIS\Desktop10.0\ArcToolbox\Toolboxes\Data Management Tools.tbx\CalculateField" Date="20110606" Time="102944">CalculateField Cty_ED_MAY_16_2011 POLL_ADD "361 Route 59" VB #</Process><Process ToolSource="C:\Program Files (x86)\ArcGIS\Desktop10.0\ArcToolbox\Toolboxes\Data Management Tools.tbx\CalculateField" Date="20110606" Time="102952">CalculateField Cty_ED_MAY_16_2011 ZIP "10977" VB #</Process><Process ToolSource="C:\Program Files (x86)\ArcGIS\Desktop10.0\ArcToolbox\Toolboxes\Data Management Tools.tbx\CalculateField" Date="20110606" Time="103012">CalculateField Cty_ED_MAY_16_2011 ZIP "10977" VB #</Process><Process ToolSource="C:\Program Files (x86)\ArcGIS\Desktop10.0\ArcToolbox\Toolboxes\Data Management Tools.tbx\CalculateField" Date="20110606" Time="103018">CalculateField Cty_ED_MAY_16_2011 POLL_SITE "Hillcrest Fire Hall" VB #</Process><Process ToolSource="C:\Program Files (x86)\ArcGIS\Desktop10.0\ArcToolbox\Toolboxes\Data Management Tools.tbx\CalculateField" Date="20110606" Time="103039">CalculateField Cty_ED_MAY_16_2011 POLL_ADD "300 N Main Street " VB #</Process><Process ToolSource="C:\Program Files (x86)\ArcGIS\Desktop10.0\ArcToolbox\Toolboxes\Data Management Tools.tbx\CalculateField" Date="20110606" Time="103110">CalculateField Cty_ED_MAY_16_2011 POLL_SITE "Ramapo Senior High School" VB #</Process><Process ToolSource="C:\Program Files (x86)\ArcGIS\Desktop10.0\ArcToolbox\Toolboxes\Data Management Tools.tbx\CalculateField" Date="20110606" Time="103120">CalculateField Cty_ED_MAY_16_2011 POLL_ADD "400 Viola Road" VB #</Process><Process ToolSource="C:\Program Files (x86)\ArcGIS\Desktop10.0\ArcToolbox\Toolboxes\Data Management Tools.tbx\CalculateField" Date="20110606" Time="103127">CalculateField Cty_ED_MAY_16_2011 ZIP "10977" VB #</Process><Process ToolSource="C:\Program Files (x86)\ArcGIS\Desktop10.0\ArcToolbox\Toolboxes\Data Management Tools.tbx\CalculateField" Date="20110606" Time="103157">CalculateField Cty_ED_MAY_16_2011 ZIP "10977" VB #</Process><Process ToolSource="C:\Program Files (x86)\ArcGIS\Desktop10.0\ArcToolbox\Toolboxes\Data Management Tools.tbx\CalculateField" Date="20110606" Time="103204">CalculateField Cty_ED_MAY_16_2011 POLL_SITE "Fleetwood Elementary School" VB #</Process><Process ToolSource="C:\Program Files (x86)\ArcGIS\Desktop10.0\ArcToolbox\Toolboxes\Data Management Tools.tbx\CalculateField" Date="20110606" Time="103217">CalculateField Cty_ED_MAY_16_2011 POLL_ADD "22 Fleetwood Avenue" VB #</Process><Process ToolSource="C:\Program Files (x86)\ArcGIS\Desktop10.0\ArcToolbox\Toolboxes\Data Management Tools.tbx\CalculateField" Date="20110606" Time="103241">CalculateField Cty_ED_MAY_16_2011 POLL_SITE "Hempstead Elementary School" VB #</Process><Process ToolSource="C:\Program Files (x86)\ArcGIS\Desktop10.0\ArcToolbox\Toolboxes\Data Management Tools.tbx\CalculateField" Date="20110606" Time="103252">CalculateField Cty_ED_MAY_16_2011 POLL_ADD "80 Brick Church Road" VB #</Process><Process ToolSource="C:\Program Files (x86)\ArcGIS\Desktop10.0\ArcToolbox\Toolboxes\Data Management Tools.tbx\CalculateField" Date="20110606" Time="103300">CalculateField Cty_ED_MAY_16_2011 ZIP "10977" VB #</Process><Process ToolSource="C:\Program Files (x86)\ArcGIS\Desktop10.0\ArcToolbox\Toolboxes\Data Management Tools.tbx\CalculateField" Date="20110606" Time="103338">CalculateField Cty_ED_MAY_16_2011 ZIP "10977" VB #</Process><Process ToolSource="C:\Program Files (x86)\ArcGIS\Desktop10.0\ArcToolbox\Toolboxes\Data Management Tools.tbx\CalculateField" Date="20110606" Time="103348">CalculateField Cty_ED_MAY_16_2011 POLL_SITE "St Joseph’s School" VB #</Process><Process ToolSource="C:\Program Files (x86)\ArcGIS\Desktop10.0\ArcToolbox\Toolboxes\Data Management Tools.tbx\CalculateField" Date="20110606" Time="103405">CalculateField Cty_ED_MAY_16_2011 POLL_ADD "245 N Main Street" VB #</Process><Process ToolSource="C:\Program Files (x86)\ArcGIS\Desktop10.0\ArcToolbox\Toolboxes\Data Management Tools.tbx\CalculateField" Date="20110606" Time="103423">CalculateField Cty_ED_MAY_16_2011 POLL_SITE "Ukrainian Hall" VB #</Process><Process ToolSource="C:\Program Files (x86)\ArcGIS\Desktop10.0\ArcToolbox\Toolboxes\Data Management Tools.tbx\CalculateField" Date="20110606" Time="103437">CalculateField Cty_ED_MAY_16_2011 POLL_ADD "16 Twin Avenue" VB #</Process><Process ToolSource="C:\Program Files (x86)\ArcGIS\Desktop10.0\ArcToolbox\Toolboxes\Data Management Tools.tbx\CalculateField" Date="20110606" Time="103445">CalculateField Cty_ED_MAY_16_2011 ZIP "10977" VB #</Process><Process ToolSource="C:\Program Files (x86)\ArcGIS\Desktop10.0\ArcToolbox\Toolboxes\Data Management Tools.tbx\CalculateField" Date="20110606" Time="103513">CalculateField Cty_ED_MAY_16_2011 ZIP "10977" VB #</Process><Process ToolSource="C:\Program Files (x86)\ArcGIS\Desktop10.0\ArcToolbox\Toolboxes\Data Management Tools.tbx\CalculateField" Date="20110606" Time="103519">CalculateField Cty_ED_MAY_16_2011 POLL_SITE "Kakiat Elementary School" VB #</Process><Process ToolSource="C:\Program Files (x86)\ArcGIS\Desktop10.0\ArcToolbox\Toolboxes\Data Management Tools.tbx\CalculateField" Date="20110606" Time="103539">CalculateField Cty_ED_MAY_16_2011 POLL_ADD "465 Viola Road" VB #</Process><Process ToolSource="C:\Program Files (x86)\ArcGIS\Desktop10.0\ArcToolbox\Toolboxes\Data Management Tools.tbx\CalculateField" Date="20110606" Time="103601">CalculateField Cty_ED_MAY_16_2011 POLL_SITE "Wesley Hills Village Hall" VB #</Process><Process ToolSource="C:\Program Files (x86)\ArcGIS\Desktop10.0\ArcToolbox\Toolboxes\Data Management Tools.tbx\CalculateField" Date="20110606" Time="103610">CalculateField Cty_ED_MAY_16_2011 POLL_ADD "432 Route 306" VB #</Process><Process ToolSource="C:\Program Files (x86)\ArcGIS\Desktop10.0\ArcToolbox\Toolboxes\Data Management Tools.tbx\CalculateField" Date="20110606" Time="103618">CalculateField Cty_ED_MAY_16_2011 ZIP "10952" VB #</Process><Process ToolSource="C:\Program Files (x86)\ArcGIS\Desktop10.0\ArcToolbox\Toolboxes\Data Management Tools.tbx\CalculateField" Date="20110606" Time="103639">CalculateField Cty_ED_MAY_16_2011 POLL_SITE "Gruss Girls School" VB #</Process><Process ToolSource="C:\Program Files (x86)\ArcGIS\Desktop10.0\ArcToolbox\Toolboxes\Data Management Tools.tbx\CalculateField" Date="20110606" Time="103654">CalculateField Cty_ED_MAY_16_2011 POLL_ADD "15 Roosevelt Ave" VB #</Process><Process ToolSource="C:\Program Files (x86)\ArcGIS\Desktop10.0\ArcToolbox\Toolboxes\Data Management Tools.tbx\CalculateField" Date="20110606" Time="103703">CalculateField Cty_ED_MAY_16_2011 ZIP "10977" VB #</Process><Process ToolSource="C:\Program Files (x86)\ArcGIS\Desktop10.0\ArcToolbox\Toolboxes\Data Management Tools.tbx\CalculateField" Date="20110606" Time="103722">CalculateField Cty_ED_MAY_16_2011 ZIP "10977" VB #</Process><Process ToolSource="C:\Program Files (x86)\ArcGIS\Desktop10.0\ArcToolbox\Toolboxes\Data Management Tools.tbx\CalculateField" Date="20110606" Time="103729">CalculateField Cty_ED_MAY_16_2011 POLL_SITE "New Square LP3 Community Room" VB #</Process><Process ToolSource="C:\Program Files (x86)\ArcGIS\Desktop10.0\ArcToolbox\Toolboxes\Data Management Tools.tbx\CalculateField" Date="20110606" Time="103741">CalculateField Cty_ED_MAY_16_2011 POLL_ADD "37 Buchanan Rd" VB #</Process><Process ToolSource="C:\Program Files (x86)\ArcGIS\Desktop10.0\ArcToolbox\Toolboxes\Data Management Tools.tbx\CalculateField" Date="20110606" Time="103749">CalculateField Cty_ED_MAY_16_2011 POLL_ADD "37 Buchanan Road" VB #</Process><Process ToolSource="C:\Program Files (x86)\ArcGIS\Desktop10.0\ArcToolbox\Toolboxes\Data Management Tools.tbx\CalculateField" Date="20110606" Time="103831">CalculateField Cty_ED_MAY_16_2011 POLL_SITE "Immaculate Conception School" VB #</Process><Process ToolSource="C:\Program Files (x86)\ArcGIS\Desktop10.0\ArcToolbox\Toolboxes\Data Management Tools.tbx\CalculateField" Date="20110606" Time="103846">CalculateField Cty_ED_MAY_16_2011 POLL_ADD "24 E Main Street" VB #</Process><Process ToolSource="C:\Program Files (x86)\ArcGIS\Desktop10.0\ArcToolbox\Toolboxes\Data Management Tools.tbx\CalculateField" Date="20110606" Time="103902">CalculateField Cty_ED_MAY_16_2011 ZIP "10980" VB #</Process><Process ToolSource="C:\Program Files (x86)\ArcGIS\Desktop10.0\ArcToolbox\Toolboxes\Data Management Tools.tbx\CalculateField" Date="20110606" Time="103914">CalculateField Cty_ED_MAY_16_2011 ZIP "10986" VB #</Process><Process ToolSource="C:\Program Files (x86)\ArcGIS\Desktop10.0\ArcToolbox\Toolboxes\Data Management Tools.tbx\CalculateField" Date="20110606" Time="103930">CalculateField Cty_ED_MAY_16_2011 POLL_SITE "St John the Divine" VB #</Process><Process ToolSource="C:\Program Files (x86)\ArcGIS\Desktop10.0\ArcToolbox\Toolboxes\Data Management Tools.tbx\CalculateField" Date="20110606" Time="103940">CalculateField Cty_ED_MAY_16_2011 POLL_ADD "170 Mott Farm Road" VB #</Process><Process ToolSource="C:\Program Files (x86)\ArcGIS\Desktop10.0\ArcToolbox\Toolboxes\Data Management Tools.tbx\CalculateField" Date="20110606" Time="104002">CalculateField Cty_ED_MAY_16_2011 POLL_SITE "Atonement Lutheran Church" VB #</Process><Process ToolSource="C:\Program Files (x86)\ArcGIS\Desktop10.0\ArcToolbox\Toolboxes\Data Management Tools.tbx\CalculateField" Date="20110606" Time="104011">CalculateField Cty_ED_MAY_16_2011 POLL_ADD "71 Central Highway" VB #</Process><Process ToolSource="C:\Program Files (x86)\ArcGIS\Desktop10.0\ArcToolbox\Toolboxes\Data Management Tools.tbx\CalculateField" Date="20110606" Time="104029">CalculateField Cty_ED_MAY_16_2011 POLL_SITE "Kirkbride Hall" VB #</Process><Process ToolSource="C:\Program Files (x86)\ArcGIS\Desktop10.0\ArcToolbox\Toolboxes\Data Management Tools.tbx\CalculateField" Date="20110606" Time="104040">CalculateField Cty_ED_MAY_16_2011 POLL_ADD "5 Patriot Hills Drive" VB #</Process><Process ToolSource="C:\Program Files (x86)\ArcGIS\Desktop10.0\ArcToolbox\Toolboxes\Data Management Tools.tbx\CalculateField" Date="20110606" Time="104052">CalculateField Cty_ED_MAY_16_2011 POLL_SITE "Immaculate Conception School" VB #</Process><Process ToolSource="C:\Program Files (x86)\ArcGIS\Desktop10.0\ArcToolbox\Toolboxes\Data Management Tools.tbx\CalculateField" Date="20110606" Time="104100">CalculateField Cty_ED_MAY_16_2011 POLL_ADD "24 E Main Street" VB #</Process><Process ToolSource="C:\Program Files (x86)\ArcGIS\Desktop10.0\ArcToolbox\Toolboxes\Data Management Tools.tbx\CalculateField" Date="20110606" Time="104129">CalculateField Cty_ED_MAY_16_2011 ZIP "10952" VB #</Process><Process ToolSource="C:\Program Files (x86)\ArcGIS\Desktop10.0\ArcToolbox\Toolboxes\Data Management Tools.tbx\CalculateField" Date="20110606" Time="104142">CalculateField Cty_ED_MAY_16_2011 ZIP "10977" VB #</Process><Process ToolSource="C:\Program Files (x86)\ArcGIS\Desktop10.0\ArcToolbox\Toolboxes\Data Management Tools.tbx\CalculateField" Date="20110623" Time="152301">CalculateField Cty_ED_May_16_2011 POLL_SITE UCase( [POLL_SITE]  ) VB #</Process><Process ToolSource="C:\Program Files (x86)\ArcGIS\Desktop10.0\ArcToolbox\Toolboxes\Data Management Tools.tbx\CalculateField" Date="20110623" Time="152316">CalculateField Cty_ED_May_16_2011 POLL_ADD UCase( [POLL_ADD]  ) VB #</Process></lineage><itemProps><itemName Sync="TRUE">Cty_ED_May_16_2011</itemName><imsContentType Sync="TRUE">002</imsContentType><nativeExtBox><westBL Sync="TRUE">565266.923119</westBL><eastBL Sync="TRUE">658620.374863</eastBL><southBL Sync="TRUE">788692.999937</southBL><northBL Sync="TRUE">906538.968313</northBL><exTypeCode Sync="TRUE">1</exTypeCode></nativeExtBox><itemSize Sync="TRUE">2.667</itemSize><itemLocation><linkage Sync="TRUE">file://\\YCPLAN2\MAIN\SHARED\GIS\Shared\District\Election\ElectionDistricts\2016\Cty_ED_Jan_15_2016</linkage><protocol Sync="TRUE">Local Area Network</protocol></itemLocation></itemProps><coordRef><type Sync="TRUE">Projected</type><geogcsn Sync="TRUE">GCS_North_American_1983</geogcsn><projcsn Sync="TRUE">NAD_1983_StatePlane_New_York_East_FIPS_3101_Feet</projcsn><peXml Sync="TRUE">&lt;ProjectedCoordinateSystem xsi:type='typens:ProjectedCoordinateSystem' xmlns:xsi='http://www.w3.org/2001/XMLSchema-instance' xmlns:xs='http://www.w3.org/2001/XMLSchema' xmlns:typens='http://www.esri.com/schemas/ArcGIS/10.0'&gt;&lt;WKT&gt;PROJCS[&amp;quot;NAD_1983_StatePlane_New_York_East_FIPS_3101_Feet&amp;quot;,GEOGCS[&amp;quot;GCS_North_American_1983&amp;quot;,DATUM[&amp;quot;D_North_American_1983&amp;quot;,SPHEROID[&amp;quot;GRS_1980&amp;quot;,6378137.0,298.257222101]],PRIMEM[&amp;quot;Greenwich&amp;quot;,0.0],UNIT[&amp;quot;Degree&amp;quot;,0.0174532925199433]],PROJECTION[&amp;quot;Transverse_Mercator&amp;quot;],PARAMETER[&amp;quot;False_Easting&amp;quot;,492125.0],PARAMETER[&amp;quot;False_Northing&amp;quot;,0.0],PARAMETER[&amp;quot;Central_Meridian&amp;quot;,-74.5],PARAMETER[&amp;quot;Scale_Factor&amp;quot;,0.9999],PARAMETER[&amp;quot;Latitude_Of_Origin&amp;quot;,38.83333333333334],UNIT[&amp;quot;Foot_US&amp;quot;,0.3048006096012192],AUTHORITY[&amp;quot;EPSG&amp;quot;,2260]]&lt;/WKT&gt;&lt;XOrigin&gt;-17954600&lt;/XOrigin&gt;&lt;YOrigin&gt;-46918100&lt;/YOrigin&gt;&lt;XYScale&gt;137255069.87923574&lt;/XYScale&gt;&lt;ZOrigin&gt;-100000&lt;/ZOrigin&gt;&lt;ZScale&gt;10000&lt;/ZScale&gt;&lt;MOrigin&gt;-100000&lt;/MOrigin&gt;&lt;MScale&gt;10000&lt;/MScale&gt;&lt;XYTolerance&gt;0.0032808333333333335&lt;/XYTolerance&gt;&lt;ZTolerance&gt;0.001&lt;/ZTolerance&gt;&lt;MTolerance&gt;0.001&lt;/MTolerance&gt;&lt;HighPrecision&gt;true&lt;/HighPrecision&gt;&lt;WKID&gt;2260&lt;/WKID&gt;&lt;/ProjectedCoordinateSystem&gt;</peXml></coordRef><copyHistory><copy source="C:\GIS\Districts\Election\Cty_ED_Jan_15_2016" dest="\\YCPLAN2\MAIN\SHARED\GIS\Shared\District\Election\ElectionDistricts\2016\Cty_ED_Jan_15_2016" date="20160115" time="14520500"></copy></copyHistory></DataProperties><ArcGISFormat>1.0</ArcGISFormat><ArcGISstyle>FGDC CSDGM Metadata</ArcGISstyle></Esri><dataIdInfo><envirDesc Sync="TRUE">Microsoft Windows XP Version 5.1 (Build 2600) Service Pack 3; ESRI ArcCatalog 9.3.1.3500</envirDesc><dataLang><languageCode Sync="TRUE" value="en" country="USA"></languageCode></dataLang><idCitation><resTitle Sync="TRUE">Cty_ED_May_16_2011</resTitle><presForm><PresFormCd Sync="TRUE" value="005"></PresFormCd></presForm></idCitation><spatRpType><SpatRepTypCd Sync="TRUE" value="001"></SpatRepTypCd></spatRpType><dataExt><geoEle><GeoBndBox esriExtentType="search"><westBL Sync="TRUE">-74.235006</westBL><eastBL Sync="TRUE">-73.893825</eastBL><northBL Sync="TRUE">41.321776</northBL><southBL Sync="TRUE">40.997040</southBL><exTypeCode Sync="TRUE">1</exTypeCode></GeoBndBox><GeoBndBox esriExtentType="native"><westBL Sync="TRUE">565266.923119</westBL><eastBL Sync="TRUE">658620.374863</eastBL><northBL Sync="TRUE">906538.968313</northBL><southBL Sync="TRUE">788692.999937</southBL><exTypeCode Sync="TRUE">1</exTypeCode></GeoBndBox></geoEle></dataExt><geoBox esriExtentType="decdegrees"><westBL Sync="TRUE">-74.235006</westBL><eastBL Sync="TRUE">-73.893825</eastBL><northBL Sync="TRUE">41.321776</northBL><southBL Sync="TRUE">40.99704</southBL><exTypeCode Sync="TRUE">1</exTypeCode></geoBox><descKeys><thesaName uuidref="723f6998-058e-11dc-8314-0800200c9a66"></thesaName><keyword Sync="TRUE">002</keyword></descKeys></dataIdInfo><mdLang><languageCode Sync="TRUE" value="en"></languageCode></mdLang><mdStanName Sync="TRUE">ISO 19115 Geographic Information - Metadata</mdStanName><mdStanVer Sync="TRUE">DIS_ESRI1.0</mdStanVer><mdChar><CharSetCd Sync="TRUE" value="004"></CharSetCd></mdChar><mdHrLv><ScopeCd Sync="TRUE" value="005"></ScopeCd></mdHrLv><mdHrLvName Sync="TRUE">dataset</mdHrLvName><distInfo><distributor><distorTran><onLineSrc><orDesc Sync="TRUE">002</orDesc><linkage Sync="TRUE">file://\\YC_PLAN_1\TEST\GIS\Shared\District\Election\ElectionDistricts\2011\Cty_ED_May_16_2011.shp</linkage><protocol Sync="TRUE">Local Area Network</protocol></onLineSrc><transSize Sync="TRUE">2.667</transSize></distorTran><distorFormat><formatName Sync="TRUE">Shapefile</formatName></distorFormat></distributor><distFormat><formatName Sync="TRUE">Shapefile</formatName></distFormat><distTranOps><transSize Sync="TRUE">2.667</transSize></distTranOps></distInfo><refSysInfo><RefSystem><refSysID><identCode Sync="TRUE" code="2260">NAD_1983_StatePlane_New_York_East_FIPS_3101_Feet</identCode><idCodeSpace Sync="TRUE">EPSG</idCodeSpace><idVersion Sync="TRUE">7.4.1</idVersion></refSysID></RefSystem></refSysInfo><spatRepInfo><VectSpatRep><topLvl><TopoLevCd Sync="TRUE" value="001"></TopoLevCd></topLvl><geometObjs Name="Cty_ED_May_16_2011"><geoObjTyp><GeoObjTypCd Sync="TRUE" value="001"></GeoObjTypCd></geoObjTyp><geoObjCnt Sync="TRUE">264</geoObjCnt></geometObjs></VectSpatRep></spatRepInfo><mdDateSt Sync="TRUE">20110711</mdDateSt></metadata>
